source,destination,distance
0,1829,0.002873001789493086
0,1,0.15109527019008415
1,1830,0.0046147040827674785
1,2,0.0943629555650004
2,1831,0.003997939206600284
2,62,0.16299057393957178
2,354,0.6091459564586421
3,559,0.3726293566395166
3,962,0.09442092037516425
4,76,0.06945396773489411
4,10,0.4155576984236154
5,106,0.009031937715460108
5,810,0.3662307101378708
5,1201,0.2799414254461297
6,1172,0.03333440539584985
7,1851,0.1439751848979942
7,784,0.1757713182744381
8,1834,0.0024155988177495227
8,1833,0.4897069523700074
9,1809,0.07625753390858589
9,1718,0.23610020797732495
9,998,0.21812398538323635
10,4,0.41555769842361545
10,69,0.16676032711788047
11,318,0.008902023384679072
11,12,0.0676034416830408
11,1805,0.051325842633928746
12,11,0.0676034416830408
12,320,0.07785845104441141
12,871,0.2361676566369896
13,868,0.1575727686243728
13,14,0.9134370301538822
14,1730,0.17303159968331255
14,13,0.9134370301538824
14,15,0.36985661376440404
15,1753,0.07040807774435706
15,14,0.36985661376440393
15,492,1.4140993901542578
16,492,0.6219065449124412
16,737,0.29086033060210553
16,967,0.14595085687485904
17,123,0.07411100382661891
17,737,0.010222191616567226
17,1600,0.15887760494470682
18,1607,0.2554684450202523
18,1599,0.2277116696410415
18,508,0.3402249822889629
19,1607,0.33148119580191776
19,1584,0.12787059238557827
19,522,0.14805741014161306
19,1811,0.09774704032003646
20,1585,0.010634758131445404
20,21,0.10444823103368106
20,602,0.0890875262696574
21,606,0.01775607445503318
21,603,0.08511333984945393
21,20,0.10444823103368105
22,500,0.1635129404830875
22,1827,0.24124867668793268
22,609,0.057979154692459955
23,482,0.06941722164898739
23,123,0.5656378642282053
23,471,0.14416103524322232
24,60,0.3603665065312577
24,482,0.08186331109728401
24,480,0.19352872744425878
25,66,0.009186010154733738
25,884,0.7390077386431831
26,1860,0.013084178558798693
26,27,0.15071540426421212
26,319,0.1840077396638293
27,28,0.0831703770780398
27,26,0.15071540426421215
27,29,0.05875005163478514
28,1556,0.17827703984497198
28,27,0.0831703770780398
28,29,0.05857842035335913
29,30,0.1205978848155733
29,27,0.05875005163478514
29,28,0.05857842035335913
30,1565,0.2081418883530274
30,29,0.12059788481557329
30,1558,0.05106869194175866
31,32,0.05445855022096961
31,1029,0.08694690999965879
31,740,0.27207817962920616
31,1023,0.04421733593157331
32,31,0.05445855022096961
32,33,0.06999174897417057
32,33,0.05659011175844401
33,243,0.26372166590644835
33,32,0.06999174897417057
33,32,0.05659011175844401
34,1807,0.017938926995954656
34,1006,0.10875703545078272
34,1411,0.18414209930631137
35,778,0.03671002355335837
35,1413,0.15498054046975834
35,1420,0.20983789668401479
36,1420,0.3892318509470348
37,1514,0.7843000904836065
37,38,1.6390432006385358
38,39,0.01412094922667255
38,1474,0.8725968459001564
38,37,1.6390432006385354
39,38,0.01412094922667255
39,767,0.3449617246127494
40,1512,0.21556933277620138
40,1798,0.13102969549117785
40,1514,1.3369427163430625
41,108,0.32043487260235815
41,78,0.7677960650725159
42,41,2.630128810607138
43,402,0.03847585286635325
43,152,0.03307770237698812
43,125,0.1066462390207607
43,637,0.07017263799694026
44,644,0.21899225296544614
44,697,0.09729875628555108
44,157,0.040358978356824116
45,686,0.10373110123129195
45,648,0.3757626087522451
45,882,0.17782062809845178
46,760,0.10792293209210654
46,1109,0.18810844076151348
46,820,0.21426380599405412
47,1847,0.034003776590122846
47,787,0.6950889577574011
48,1344,0.23592669174844685
48,49,0.22855079424526162
48,819,0.375765766587945
49,48,0.22855079424526162
49,50,0.2407338370766581
49,1361,0.4917490620074298
50,49,0.24073383707665807
50,1793,0.2153266727170076
50,1383,0.17878305297212949
51,1793,0.19349719136899748
51,1365,0.3050782700346337
51,1362,0.2684965753406378
52,1369,0.09191737099017858
52,1373,0.30117638970028304
52,1375,0.07997259750556546
53,1803,0.030974108165137827
53,63,1.1187914538245414
53,54,0.4474083339535988
54,53,0.4474083339535988
54,1478,0.22931343706151297
54,1802,0.06044218999117169
55,1478,0.13548924324592815
55,1474,0.7471278792230616
55,1476,0.25026244014062854
56,130,0.041443261799518336
56,493,0.02430209119955401
56,57,0.0825760857088532
57,59,0.08325370085404007
57,135,0.044538493553545305
57,58,0.013520195138357003
57,56,0.0825760857088532
58,612,0.059031443276384044
58,141,0.03133986660015949
58,57,0.013520195138357003
59,57,0.08325370085404007
59,612,0.023108458642601897
59,142,0.06398327293174674
60,24,0.3603665065312576
60,1828,0.0769412730593009
61,1411,0.11794935326664902
61,1417,0.05863148627975198
62,1835,0.005437635494113357
62,459,0.05739102971117864
62,744,0.14319286604298495
63,1373,1.1289717409964886
63,53,1.1187914538245411
63,64,1.0531493714933362
64,1480,0.21234184780591253
64,63,1.0531493714933364
64,1479,0.13093873812338933
65,107,0.46707734756799146
65,78,0.7093602446820951
66,25,0.009186010154733738
66,319,0.050814159025965894
66,1805,0.3684984922788
67,68,0.04684511068323848
67,471,0.07537736474606596
67,474,0.05020756588151343
68,477,0.03346747636120273
68,67,0.04684511068323848
68,113,0.0968840490348357
69,110,0.41978317033210016
69,10,0.16676032711788047
69,1718,0.04145181813123886
70,104,0.007889807083402188
70,1656,0.7368324365882961
70,1286,0.3492165288252836
71,1844,0.00800444341143068
71,1845,0.07307774976006769
71,1846,0.07782066069231512
72,106,0.45547839250362626
72,1220,0.19886555292552074
73,1001,0.0904463773919711
73,1834,0.13413851858323678
73,452,0.2052454075918733
74,75,0.7585810794870997
74,1858,0.39104029401415064
75,759,2.530593019177988
76,1668,0.04755165795169798
77,419,0.07248637180721938
77,421,0.07393898635143502
77,445,0.3866657749472937
79,109,0.2020718793355234
79,4,0.04086293913518307
80,79,0.02281295030250994
80,107,0.23605667485779316
81,549,0.19531696285637548
81,553,0.16464104955103107
81,789,0.18751202562735908
81,356,0.2794653273351213
82,897,0.0743868630011879
82,571,0.06469978044447147
82,550,0.06638644916163822
83,353,0.0662273463378483
83,354,0.08285358203611466
83,240,0.08520804317964306
83,351,0.06329115967316704
84,884,0.005836428291489307
84,66,0.7410156198970971
84,85,0.5053326715370892
85,86,0.21843425370517097
85,84,0.505332671537089
85,165,0.06248944096623539
86,171,0.11079940307478606
86,85,0.21843425370517094
86,172,0.2740616644821829
87,1521,0.039747770672995744
87,268,0.0695660474301202
87,201,0.3492810533327032
88,1518,0.12341817961927015
88,205,0.08742293951754587
88,1520,0.25866740573410857
89,1869,0.009395152941121782
89,1867,0.02361133395604311
90,372,0.04984050535555802
90,91,0.15002160963171055
90,1002,0.041925281659120135
91,90,0.15002160963171055
91,8,0.12986131407612278
92,957,0.04988151888010274
92,360,0.05824453189979014
92,366,0.4223244471942737
93,94,0.06834957911199654
93,1722,0.06897002177668479
93,162,0.07256157636686553
94,248,0.09137394646763913
94,93,0.06834957911199654
94,889,0.11696336903126428
94,245,0.14390215900732697
95,248,0.1365238359831366
95,899,0.08377950541389198
95,96,0.17292977035237342
96,97,0.042896565389970706
96,95,0.17292977035237345
96,244,0.21609948528671152
97,96,0.042896565389970706
97,372,0.12914502449704052
97,992,0.2221695609021321
98,553,0.05439707149114679
98,247,0.04022129328553516
98,357,0.2052098867879463
98,889,0.2226264050594107
99,100,0.024228651637675885
100,99,0.024228651637675885
100,368,0.08357772752341927
100,162,0.09839963366328487
101,1031,0.04776694657078336
101,163,0.06765677075441891
101,369,0.5187939849108981
102,5,0.2248578770386417
102,1112,0.34382066457554944
103,1199,0.14050467219797091
103,102,0.3081817267657819
104,1922,0.33025087061690683
104,70,0.007889807083402188
104,1126,0.20443978311515126
105,1191,0.08558306548929413
105,1194,0.2290473854527364
106,5,0.009031937715460108
106,1166,0.14177808198120762
107,75,0.18476940065104416
108,1839,0.0971734958796419
108,109,0.4069638295054086
109,110,0.184815435098598
110,1859,0.018502175125945527
111,476,0.02715087168428455
111,112,0.034826943219997866
111,143,0.05776057316122235
112,111,0.034826943219997866
112,113,0.13539241716692058
112,477,0.05956049697632846
113,112,0.13539241716692058
113,118,0.06321730631233095
113,68,0.09688404903483572
114,617,0.05118294818435787
114,621,0.03135907109864367
114,924,0.061703493428139224
114,129,0.0941811216817853
115,137,0.21879060058654745
115,487,0.12550889694626852
115,491,0.15060150567376052
115,619,0.12927054305077348
116,403,0.02378998773583844
116,133,0.29268692377357086
116,623,0.123352106493937
117,616,0.06933748082449721
117,132,0.05524595730507893
117,139,0.07039337555329844
117,140,0.1265348161714013
118,483,0.21421495235893315
118,1099,0.11931090290824864
118,113,0.06321730631233095
119,967,0.10055931746646343
119,483,0.03806803360125345
119,736,0.2844673774102972
120,121,0.2375493514866692
120,505,0.09812870921450303
120,122,0.3018463501144752
120,1599,0.06249868016306037
121,120,0.2375493514866692
121,123,0.14851745480625433
121,1597,0.1320322807053163
122,120,0.30184635011447514
123,17,0.07411100382661891
123,23,0.5656378642282052
123,121,0.14851745480625433
124,125,0.03254818922930921
124,398,0.20172772103113532
124,404,0.18880762935753487
125,124,0.03254818922930921
125,929,0.04203068467279843
125,43,0.1066462390207607
126,1065,0.2579446387422453
126,1061,0.24241230680157463
126,219,0.05736457115603573
127,1061,0.006344755004043909
127,1035,0.05082843262033194
127,953,0.2485064437391162
128,1068,0.11444903802080568
128,389,0.0888856915147282
128,398,0.13951732953512608
129,622,0.031892716152596236
129,114,0.0941811216817853
129,139,0.06690010952114073
130,622,0.025749635540148096
130,56,0.041443261799518336
130,138,0.06857250327193722
130,135,0.08541005252936806
131,132,0.03202946530003184
131,134,0.032521781660155395
131,136,0.061830528233550765
131,494,0.06841898134945704
132,117,0.05524595730507893
132,131,0.03202946530003184
132,138,0.06294110565812257
133,140,0.06199662407231397
133,494,0.07042453290482721
133,116,0.29268692377357086
134,131,0.032521781660155395
134,494,0.09223468783586443
134,493,0.12543809478211598
135,57,0.044538493553545305
135,621,0.029447727943980782
135,130,0.08541005252936806
136,138,0.032853637229596395
136,131,0.061830528233550765
136,493,0.04251210321082886
137,115,0.21879060058654745
137,620,0.0917098467000331
137,410,0.632991922424906
138,132,0.06294110565812257
138,130,0.06857250327193722
138,139,0.05565825001501343
138,136,0.032853637229596395
139,138,0.05565825001501343
139,129,0.06690010952114073
139,117,0.07039337555329844
139,619,0.26287138361316986
140,133,0.06199662407231397
140,117,0.1265348161714013
140,623,0.19712450878548074
140,495,0.13231417391042954
141,58,0.03133986660015949
141,476,0.027351792425587062
141,144,0.056213581299196555
142,479,0.11800321538053617
142,59,0.06398327293174674
142,144,0.07650855865786349
143,475,0.03430737367843338
143,478,0.030453690476877595
143,111,0.05776057316122235
144,141,0.056213581299196555
144,475,0.028193391765113242
144,612,0.028832567578997614
144,142,0.07650855865786349
145,402,0.0977047936442942
146,147,0.10814463268526307
147,403,0.015946956455021373
147,148,0.06828163247938338
147,146,0.10814463268526307
148,147,0.06828163247938338
148,402,0.1063616080515029
148,629,0.057354612106381646
149,150,0.07078163511308491
149,405,0.0638133558606582
149,408,0.16109222623561653
150,149,0.07078163511308491
151,409,0.019670619734640415
151,1042,0.1438678360406816
151,407,0.18195753647763008
152,43,0.03307770237698812
152,634,0.24569210599545085
152,407,0.050950681358159756
153,156,0.1615053806295828
153,154,0.03788674927336728
153,157,0.026008529612751217
154,157,0.013056414822737648
154,696,0.11256257616753436
154,153,0.03788674927336728
155,696,0.05569935481665191
155,706,0.14647837340760417
155,703,0.06299653825828902
156,412,0.02360070783212803
156,153,0.1615053806295828
156,411,0.037118679044768635
157,154,0.013056414822737648
157,44,0.040358978356824116
157,153,0.026008529612751217
158,1247,0.2713911941198692
158,1361,0.04759798984758776
158,818,0.3220246723692429
159,817,0.009741755081303014
159,1481,0.007622030706781589
159,1484,0.3286219335641992
160,161,0.15843422136909027
160,814,0.12361625189567878
160,165,0.41086281525970936
161,280,0.2696782816426938
161,160,0.15843422136909027
161,277,0.12840285888707098
162,100,0.09839963366328487
162,366,0.063522787918016
162,93,0.07256157636686553
163,164,0.055750638592547856
163,101,0.06765677075441891
163,1824,0.12505125966040817
164,163,0.055750638592547856
164,903,0.06857104686529815
164,906,0.09951150443679542
165,170,0.3102824533281823
165,160,0.41086281525970925
165,85,0.06248944096623539
166,168,0.2325370186786423
167,175,0.3449952962933392
168,814,0.03831500582726783
168,166,0.23253701867864227
168,272,0.08031294944482813
169,170,0.08038170348051395
170,171,0.011730279833696669
170,165,0.31028245332818233
170,169,0.08038170348051393
171,170,0.011730279833696669
171,174,0.019772053441800424
171,86,0.11079940307478606
172,173,0.1358993482484704
172,86,0.27406166448218283
172,184,0.3593285970409014
173,172,0.1358993482484704
173,174,0.06546691399316874
173,278,0.06491122056694643
174,173,0.06546691399316874
174,178,0.21707438073271487
174,171,0.019772053441800424
175,177,0.09612658331650274
175,190,0.2687356236587416
175,167,0.34499529629333925
176,278,0.053519917469684895
176,179,0.09980963979053042
176,279,0.18530625142907764
177,175,0.09612658331650274
177,182,0.3423185603938798
177,272,0.11243524643550319
178,179,0.04950353925041994
178,181,0.07284150686306609
178,174,0.21707438073271487
179,178,0.04950353925041994
179,279,0.06632279854031004
179,176,0.09980963979053042
180,279,0.05306368420170649
180,186,0.06603601074207145
180,184,0.07037657864162782
180,278,0.31495764705634577
181,187,0.06826891739224203
181,178,0.07284150686306609
181,186,0.10884005229812888
182,1555,0.04422298753994935
182,177,0.34231856039387987
182,188,0.1595439138333955
183,1554,0.01991071041386674
183,1555,0.03999744618740854
183,201,0.3566050353240652
184,180,0.07037657864162782
184,193,0.06981034800960595
184,172,0.3593285970409014
185,197,0.08917406853330581
185,1526,0.0892230971739634
185,1554,0.09268960350732408
186,189,0.05790440497531253
186,180,0.06603601074207145
186,181,0.10884005229812888
187,191,0.030654248328571086
187,181,0.06826891739224203
187,195,0.08239971094070044
188,194,0.059435739650734856
188,190,0.12300138802272184
188,182,0.1595439138333955
189,186,0.05790440497531253
189,189,0.13686309160748944
189,189,0.13686309160748944
190,188,0.12300138802272184
190,276,0.051130661480663704
190,175,0.2687356236587416
191,187,0.030654248328571086
191,275,0.2543845066118168
191,263,0.08927844957022417
192,193,0.02755886882689487
192,1524,0.12027713989542375
192,1881,0.07289606923729361
193,192,0.02755886882689487
193,198,0.05765168712933981
193,184,0.06981034800960594
194,194,0.5829406600599805
194,194,0.5829406600599806
194,188,0.059435739650734856
195,196,0.009433189629399085
195,274,0.21336688108765792
195,187,0.08239971094070044
196,195,0.009433189629399085
196,276,0.039327572176131746
196,276,0.17019157219248032
197,185,0.08917406853330581
198,199,0.0698253337708328
198,263,0.09520301229475861
198,193,0.05765168712933981
199,200,0.019094742597821433
199,198,0.0698253337708328
199,1524,0.011969447801650528
200,1524,0.01307560277711661
200,199,0.019094742597821433
200,266,0.14410277096355525
201,183,0.3566050353240652
201,87,0.34928105333270326
201,274,0.24817513158747595
202,203,0.10976135865638895
203,1529,0.3079571609699487
203,202,0.10976135865638895
203,269,0.042206819907041705
204,207,0.2653830724880426
205,88,0.08742293951754587
205,1521,0.144672844964124
205,209,0.11226148697266418
206,208,0.06321013586310666
207,209,0.24478504525837133
207,208,0.07710424399551093
207,204,0.2653830724880426
208,206,0.06321013586310666
208,207,0.07710424399551093
208,1531,0.1796117595261273
208,1532,0.06822362261929617
209,207,0.24478504525837133
209,205,0.11226148697266418
209,210,0.12977858556682015
210,211,0.038893464060397086
210,209,0.12977858556682015
210,214,0.13252778415567698
211,212,0.062265675506725945
211,210,0.038893464060397086
212,213,0.029534148321265295
212,211,0.062265675506725945
213,212,0.029534148321265295
214,215,0.03933640710237343
214,210,0.13252778415567698
215,214,0.03933640710237343
216,1485,0.08984622000789382
216,1491,0.7174292883859615
216,1489,0.0735616701487528
217,218,0.11347157800848875
218,217,0.11347157800848875
218,828,0.34206107432395005
218,1257,0.926497494452637
219,1048,0.016319181014374864
219,126,0.05736457115603573
219,1085,0.09626036004877989
220,1250,0.1453359013951167
220,1252,0.13625670243686974
220,1758,0.2139531060630069
221,222,0.04345667208251346
221,1096,0.21563486964171868
221,969,0.3525033472169429
222,1255,0.04159264079809912
222,221,0.04345667208251346
222,1595,0.3083190604511843
223,225,0.11497165345237269
223,464,0.2844290136883177
223,1808,0.36314381985540883
224,464,0.06951562057891744
224,468,0.036049941107057434
224,1808,0.07050557369237796
225,223,0.11497165345237269
225,931,0.03819589273789993
225,227,0.3462147565882511
226,936,0.012115115765352584
226,931,0.1255040749020768
226,463,0.21626873715593592
227,466,0.060433887958290695
227,229,0.02416913504591867
227,225,0.3462147565882511
228,463,0.16401828034820667
228,838,0.04449543349316573
228,229,0.07152496445541182
229,227,0.02416913504591867
229,230,0.1729300651778765
229,838,0.08109104476200006
229,228,0.07152496445541183
230,229,0.1729300651778765
230,1831,0.05674684407745967
231,374,0.05744641276078707
231,1027,0.18071601736064227
231,1017,0.2754129692486056
232,3,0.07828785169355534
232,963,0.04132213942191605
233,1017,0.06441291573161373
234,324,0.04797941202032498
234,232,0.16197582094444848
235,920,0.027016175459964386
235,965,0.2307516172341992
235,556,0.1986840458527482
236,238,0.05279246702018666
236,920,0.015207602608627063
236,922,0.14411948769445987
237,908,0.11053678371700133
238,239,0.14534498245327912
238,236,0.05279246702018666
238,349,0.21536181541649915
239,238,0.14534498245327912
239,348,0.03638150420579717
239,344,0.13258218474287087
240,241,0.11028651268118267
240,83,0.08520804317964306
240,356,0.15308041347742363
241,359,0.09098989794793133
241,240,0.11028651268118267
241,355,0.08377761953097257
242,245,0.10417833858129107
242,908,0.07951556591365448
242,243,0.21822625990423722
243,900,0.07507918918477585
243,33,0.26372166590644835
243,990,0.19465378873453995
243,242,0.21822625990423722
244,248,0.1532808287719353
244,245,0.0889686917205821
244,96,0.21609948528671152
245,244,0.0889686917205821
245,94,0.14390215900732697
245,242,0.10417833858129107
245,247,0.32453311746191404
246,566,0.09415031470013877
246,308,0.08362137711737862
246,959,0.08912703271619364
246,565,0.24577543339452038
247,98,0.04022129328553516
247,900,0.11086781801535014
247,245,0.32453311746191404
248,95,0.1365238359831366
248,94,0.09137394646763913
248,244,0.1532808287719353
249,251,0.018789993799195017
249,289,0.24229342708905507
249,886,0.17357635807569116
249,257,0.16808160821250603
250,251,0.058426295492661394
250,260,0.30672476283489797
250,258,0.17902060062538663
251,252,0.03340480998406675
251,249,0.018789993799195017
251,250,0.058426295492661394
252,255,0.08637019086765589
252,251,0.03340480998406675
252,256,0.15396459317720945
253,255,0.10635279194241991
254,544,0.10763779486295239
255,259,0.03602920075539243
255,252,0.08637019086765589
255,253,0.10635279194241991
256,252,0.15396459317720945
257,282,0.10950471461848944
257,249,0.16808160821250603
257,791,0.274166676536901
258,259,0.07522906733463791
258,260,0.017244699369545757
258,250,0.17902060062538663
259,258,0.07522906733463791
259,544,0.06963373505226868
259,255,0.03602920075539243
260,258,0.017244699369545757
260,250,0.30672476283489797
260,543,0.15909804740852554
261,543,0.037672878402836854
262,1879,0.04025955212042147
263,191,0.08927844957022417
263,198,0.09520301229475861
263,264,0.09942202145018526
264,263,0.09942202145018526
264,265,0.11991211558028544
264,266,0.2003501390165169
265,275,0.07120372936844174
265,1525,0.04238363946793483
265,264,0.11991211558028544
266,267,0.023348211139370405
266,200,0.14410277096355525
266,264,0.20035013901651694
267,266,0.023348211139370405
268,87,0.0695660474301202
268,275,0.27329901748187135
268,269,0.11362802358155476
269,268,0.11362802358155476
269,203,0.042206819907041705
270,271,0.09449117465682141
270,271,0.146697389774082
270,1721,0.06989854136706487
270,1721,0.09695983778341317
271,1719,0.09092827702896963
271,899,0.03031600054759383
271,270,0.09449117465682141
271,270,0.146697389774082
272,168,0.08031294944482813
272,177,0.11243524643550319
272,273,0.14312578504349002
273,272,0.14312578504349002
274,275,0.10350821159972547
274,195,0.21336688108765792
274,201,0.24817513158747595
274,1523,0.15840247424834764
275,265,0.07120372936844174
275,274,0.10350821159972547
275,268,0.27329901748187146
275,191,0.25438450661181683
276,196,0.17019157219248035
276,196,0.039327572176131746
276,190,0.051130661480663704
277,161,0.12840285888707098
278,176,0.053519917469684895
278,173,0.06491122056694643
278,180,0.31495764705634577
279,179,0.06632279854031004
279,180,0.05306368420170649
279,176,0.18530625142907764
280,161,0.26967828164269386
281,545,0.1820292052004999
281,577,0.1703219416450985
281,1556,0.41694518917252943
282,257,0.10950471461848946
282,284,0.2176076051890344
282,283,0.12973415299524188
283,282,0.12973415299524188
284,282,0.21760760518903444
284,574,0.17965680442368487
284,288,0.09611376403607416
285,288,0.014109720390511149
285,1878,0.05955785183214626
285,286,0.13562491083987743
286,287,0.2059884784568605
286,285,0.13562491083987743
286,288,0.15994334356320544
287,286,0.20598847845686047
288,285,0.014109720390511149
288,284,0.09611376403607416
288,286,0.15994334356320544
289,249,0.24229342708905507
290,297,0.1265467669193159
291,565,0.06875927482179024
291,886,0.10399173494906674
291,293,0.06395084991548537
292,293,0.08547863516138837
293,292,0.08547863516138837
293,291,0.06395084991548537
293,294,0.07738009893510037
294,295,0.020873535892212792
294,293,0.07738009893510037
294,297,0.15492181238416472
295,296,0.1576811518874411
295,294,0.020873535892212792
295,301,0.05018337485011721
296,297,0.02384314266739812
296,295,0.1576811518874411
296,300,0.05373119157474615
297,296,0.02384314266739812
297,294,0.15492181238416472
297,290,0.12654676691931593
298,302,0.013850445183166851
298,300,0.0429140195812637
298,313,0.18778529824468962
299,311,0.00693927001205702
299,343,0.09450416318261792
299,302,0.11017622784586431
300,298,0.0429140195812637
300,306,0.04740545963934664
300,296,0.05373119157474615
301,304,0.05742597117845814
301,303,0.036049618743941934
301,295,0.05018337485011721
302,298,0.013850445183166851
302,299,0.11017622784586431
302,307,0.06194468592054294
303,305,0.05682673154037189
303,301,0.036049618743941934
303,310,0.06946313621844086
304,301,0.05742597117845814
304,306,0.07164359406692475
304,305,0.041044645973848125
305,303,0.05682673154037189
305,307,0.0730773543775024
305,304,0.041044645973848125
306,304,0.07164359406692475
306,300,0.04740545963934664
306,307,0.0474496523450794
307,305,0.0730773543775024
307,306,0.0474496523450794
307,302,0.06194468592054294
308,246,0.08362137711737862
308,338,0.037841246529120805
308,310,0.11871114202979345
309,310,0.13698851804897708
310,309,0.13698851804897708
310,308,0.11871114202979344
310,303,0.06946313621844086
311,299,0.00693927001205702
311,314,0.05279457955472886
311,312,0.28081445528432875
312,311,0.28081445528432875
313,298,0.18778529824468962
314,311,0.05279457955472886
314,335,0.061129320493842246
314,315,0.08442783980377797
315,314,0.08442783980377797
315,336,0.05989815926082319
315,316,0.22229064530038545
316,336,0.06383594790649699
316,337,0.07022595802410676
316,315,0.22229064530038545
317,578,0.057828202441766924
317,335,0.12737571848177145
317,337,0.08554085677224893
318,11,0.008902023384679072
318,319,0.41909828831111523
318,871,0.3043998294166876
319,318,0.4190982883111151
319,26,0.18400773966382933
319,66,0.050814159025965894
320,321,0.035793773320064275
320,321,0.19134360729577155
320,12,0.07785845104441141
321,320,0.035793773320064275
321,320,0.19134360729577155
321,322,0.2248363941490353
322,322,0.12264098362217891
322,322,0.12264098362217889
322,321,0.2248363941490353
323,324,0.3606938852072847
324,234,0.04797941202032498
324,323,0.36069388520728474
324,326,0.07089728242001311
325,332,0.18582855613471877
326,332,0.0948842648784907
326,324,0.07089728242001311
326,327,0.13349574976731282
327,328,0.09470311884277062
327,326,0.1334957497673128
327,334,0.0825711802319161
328,333,0.03161331766259548
328,329,0.23512549990039985
328,327,0.09470311884277062
329,332,0.02270435122304768
329,331,0.009955631192815593
329,330,0.02572685781194914
329,328,0.23512549990039983
330,329,0.02572685781194914
331,329,0.009955631192815593
332,329,0.02270435122304768
332,325,0.18582855613471877
332,326,0.0948842648784907
333,328,0.03161331766259548
334,327,0.0825711802319161
335,314,0.061129320493842246
335,336,0.0857758901698307
335,317,0.12737571848177145
336,315,0.05989815926082319
336,316,0.06383594790649699
336,335,0.0857758901698307
337,316,0.07022595802410676
337,871,0.03714337334248948
337,317,0.08554085677224893
338,308,0.037841246529120805
338,341,0.03750434063645159
338,339,0.12150169280829427
339,341,0.08796457446191924
339,340,0.08000162669181522
339,338,0.12150169280829427
340,339,0.08000162669181522
341,338,0.03750434063645159
341,343,0.0566880791324016
341,339,0.08796457446191924
342,343,0.04398089504570538
343,341,0.0566880791324016
343,342,0.04398089504570538
343,299,0.09450416318261792
344,239,0.13258218474287087
344,345,0.13751065887278593
344,961,0.07214146493541936
345,344,0.13751065887278593
346,348,0.022134878902437784
346,959,0.03200384152254503
346,347,0.17040633833840246
347,346,0.17040633833840246
348,239,0.03638150420579717
348,346,0.022134878902437784
348,916,0.3035677055521692
349,918,0.09324289441970394
349,916,0.04134266037580316
349,238,0.21536181541649915
350,917,0.06502585697330628
351,918,0.00921049531510721
351,917,0.0388935598857808
351,83,0.06329115967316704
352,353,0.07940290940720755
353,83,0.0662273463378483
353,352,0.07940290940720755
353,566,0.3321279421930783
354,83,0.08285358203611466
354,2,0.6091459564586421
354,355,0.1981758150496165
355,1024,0.10880496843366742
355,241,0.08377761953097257
355,354,0.1981758150496165
356,358,0.09935363100617642
356,81,0.27946532733512136
356,240,0.15308041347742363
357,98,0.20520988678794633
357,358,0.14890511124700523
357,900,0.12709330927568133
358,359,0.04390096824475891
358,357,0.1489051112470052
358,356,0.0993536310061764
359,358,0.04390096824475891
359,990,0.09259461225357837
359,241,0.09098989794793133
360,361,0.12606942952759947
360,92,0.05824453189979014
360,554,0.17674620862621682
361,362,0.0746396936047415
361,360,0.12606942952759947
361,365,0.25518677293751174
362,361,0.0746396936047415
363,364,0.021058081210256988
364,365,0.08730075860518052
364,365,0.14010830855754516
364,363,0.021058081210256988
365,364,0.08730075860518052
365,364,0.14010830855754516
365,361,0.25518677293751174
366,367,0.049516844281761355
366,92,0.4223244471942737
366,162,0.063522787918016
367,366,0.049516844281761355
368,100,0.08357772752341927
369,101,0.5187939849108981
369,370,0.20258815114478715
369,947,0.9330181987447302
370,369,0.20258815114478715
370,371,0.08063175123042117
370,1097,0.6873367865095459
371,370,0.08063175123042117
371,998,0.24729127586525076
371,1834,0.29802725644765893
372,90,0.04984050535555802
372,1806,0.11293097111271978
372,97,0.1291450244970405
373,376,0.09961674084864408
374,231,0.05744641276078707
374,1017,0.07983911944222769
374,375,0.13231035887708228
375,374,0.13231035887708228
375,380,0.09974481297864055
375,377,0.07475732884468655
375,455,0.19816215945735405
376,377,0.05336615030368161
376,373,0.09961674084864408
376,1016,0.04425201760997551
377,376,0.05336615030368161
377,1014,0.1161730164080343
377,375,0.07475732884468655
378,382,0.09009209515362204
378,450,0.5480855258717192
378,457,0.0552170194835128
379,381,0.13006391736209186
379,386,0.12307542551996647
379,1025,0.1116178585244402
380,381,0.0754546929048866
380,383,0.08016002207367785
380,375,0.09974481297864052
381,380,0.0754546929048866
381,384,0.07045171412070379
381,379,0.13006391736209186
382,378,0.09009209515362204
382,383,0.06255218811426731
382,384,0.09275123129750705
383,382,0.06255218811426731
383,380,0.08016002207367784
383,384,0.055531515764259735
384,381,0.07045171412070379
384,382,0.09275123129750705
384,383,0.055531515764259735
385,1027,0.03324916622512803
385,936,0.17504663457324227
385,1025,0.08978334859182037
386,388,0.24957465229830847
386,379,0.12307542551996647
386,387,0.25121071219957536
387,390,0.07300576336416548
387,388,0.10522046037676905
387,386,0.2512107121995753
388,387,0.10522046037676905
388,389,0.039765121457613045
388,386,0.24957465229830847
389,835,0.02316246624738876
389,128,0.0888856915147282
389,388,0.039765121457613045
390,387,0.07300576336416548
390,396,0.05463210091339948
390,391,0.0701825134433445
391,394,0.02617994065083808
391,392,0.10955303250113224
391,390,0.0701825134433445
392,393,0.06658802973605304
392,391,0.10955303250113224
392,930,0.2465500860879651
393,392,0.06658802973605304
394,391,0.02617994065083808
394,394,0.10447984588688705
394,394,0.10447984588688707
395,396,0.05976467716291906
396,397,0.029485797050784652
396,395,0.05976467716291906
396,390,0.05463210091339948
397,396,0.029485797050784652
398,400,0.15243786482873695
398,124,0.20172772103113532
398,128,0.13951732953512608
399,400,0.06283634181244199
400,399,0.06283634181244199
400,1067,0.07352443660670223
400,398,0.15243786482873695
401,1067,0.007789926052147136
402,43,0.03847585286635325
402,148,0.1063616080515029
402,145,0.0977047936442942
403,116,0.02378998773583844
403,147,0.015946956455021373
403,404,0.07359600648670306
404,403,0.07359600648670306
404,1863,0.03312964608683248
404,124,0.18880762935753487
405,629,0.022924115082126176
405,149,0.0638133558606582
405,406,0.17850290180988385
406,408,0.047272377784309726
406,405,0.17850290180988385
406,407,0.09138683068202025
407,152,0.050950681358159756
407,151,0.18195753647763008
407,406,0.09138683068202025
408,409,0.0773116902884992
408,406,0.047272377784309726
408,149,0.16109222623561653
409,151,0.019670619734640415
409,408,0.0773116902884992
409,925,0.10932458726274112
410,411,0.41048581032355036
410,734,0.33074462961403883
410,137,0.6329919224249059
411,156,0.037118679044768635
411,410,0.41048581032355036
411,985,0.2227183963923544
412,413,0.10166982131558311
412,415,0.03413602052958763
412,156,0.02360070783212803
413,412,0.10166982131558311
414,415,0.07831572592721646
415,414,0.07831572592721646
415,412,0.03413602052958763
415,416,0.0722068029624955
416,415,0.0722068029624955
417,1117,0.07384109977804995
417,711,0.09857365289979464
417,709,0.08116369212168152
418,419,0.11483512654858256
419,77,0.07248637180721938
419,425,0.165681203474262
419,420,0.0810117337281168
419,418,0.11483512654858256
420,423,0.05322540776219074
420,421,0.07175919897339707
420,419,0.0810117337281168
421,1012,0.058173840303474236
421,77,0.07393898635143502
421,420,0.07175919897339707
422,423,0.10085887832988101
422,425,0.06173532888692362
422,426,0.08439642712906671
423,422,0.10085887832988101
423,420,0.05322540776219074
423,424,0.07096473107312402
424,423,0.07096473107312402
425,428,0.2454847946644173
425,422,0.06173532888692362
425,419,0.165681203474262
426,422,0.08439642712906671
427,429,0.03582874969777602
428,436,0.012622800295530779
428,425,0.2454847946644173
428,429,0.11660802605738951
429,428,0.11660802605738951
429,427,0.03582874969777602
429,433,0.05422196459643109
430,431,0.022677742233522376
431,433,0.038275543106171026
431,430,0.022677742233522376
431,1838,0.06024720295082198
432,433,0.020926560236839694
433,431,0.038275543106171026
433,429,0.05422196459643109
433,432,0.020926560236839694
434,435,0.05389034328791464
435,1842,0.09513126240405993
435,436,0.05030687482537647
435,434,0.05389034328791464
436,435,0.05030687482537647
436,428,0.012622800295530779
436,441,0.04542574942051425
437,441,0.058780678158528867
437,444,0.08332576265872353
437,1013,0.03542428482151319
438,440,0.051889958013456375
439,1842,0.005364666849441417
439,442,0.0490092857972676
439,1837,0.01074785867624826
440,442,0.08471046325745228
440,438,0.051889958013456375
440,444,0.08303508355205942
441,437,0.058780678158528867
441,436,0.04542574942051425
441,443,0.06620598542534768
442,440,0.08471046325745228
442,439,0.0490092857972676
442,443,0.08444106980573182
443,442,0.08444106980573182
443,441,0.06620598542534768
443,444,0.06618209064530091
444,443,0.06618209064530091
444,440,0.08303508355205944
444,437,0.08332576265872353
445,77,0.3866657749472937
445,1001,0.09195248888823057
445,446,0.1755570641219126
446,447,0.06511780226596356
446,447,0.189802589349575
446,445,0.1755570641219126
447,446,0.06511780226596356
447,446,0.189802589349575
447,768,0.05756459789474128
448,768,0.05524064087472621
449,768,0.02943713802914383
450,768,0.02019770357344818
450,378,0.5480855258717192
450,451,0.1789102698284879
451,450,0.17891026982848793
452,1016,0.11776341768904768
452,73,0.2052454075918733
452,453,0.1027210254653029
453,453,0.2701828493090772
453,453,0.27018284930907727
453,452,0.1027210254653029
454,455,0.07859790351016754
455,457,0.008525760387642578
455,454,0.07859790351016754
455,375,0.19816215945735405
456,457,0.08569516125163508
457,455,0.008525760387642578
457,456,0.08569516125163508
457,378,0.0552170194835128
458,1833,0.03044134196188073
458,458,0.394944405932154
458,458,0.39494440593215396
459,1832,0.005627889709476362
459,742,0.07055421634180147
460,1832,0.0964062152408457
460,462,0.16371162443047163
460,838,0.15232697610077564
461,462,0.059975588011075616
462,461,0.059975588011075616
462,460,0.16371162443047163
462,463,0.18342630099827836
463,228,0.16401828034820667
463,462,0.18342630099827836
463,226,0.21626873715593592
464,224,0.06951562057891744
464,466,0.05421334911308911
464,223,0.2844290136883177
465,470,0.04712868466654919
465,467,0.08630690255049828
465,496,0.1073391576003281
465,469,0.18443928612550597
466,464,0.05421334911308911
466,227,0.060433887958290695
466,467,0.12810276832715728
467,466,0.12810276832715733
467,465,0.08630690255049828
467,468,0.26109079714242706
468,224,0.036049941107057434
468,1808,0.06112961158171704
468,467,0.26109079714242706
469,465,0.184439286125506
470,465,0.04712868466654919
471,67,0.07537736474606595
471,23,0.14416103524322232
471,472,0.035721337578600375
472,481,0.037716555165329756
472,471,0.035721337578600375
472,482,0.15858843306530468
473,474,0.05403113963525486
473,481,0.03884401113945141
473,479,0.12047949321154751
474,67,0.05020756588151343
474,473,0.05403113963525486
474,478,0.023417698647288283
475,144,0.028193391765113242
475,143,0.03430737367843338
475,476,0.05530290503846755
476,141,0.027351792425587062
476,111,0.02715087168428455
476,475,0.05530290503846755
477,68,0.03346747636120273
477,112,0.05956049697632846
477,478,0.06568102793705183
478,143,0.030453690476877595
478,474,0.023417698647288283
478,477,0.06568102793705183
479,480,0.05154351311159058
479,142,0.11800321538053615
479,473,0.12047949321154751
480,481,0.08233640472192262
480,24,0.19352872744425878
480,479,0.05154351311159058
481,480,0.08233640472192262
481,473,0.03884401113945141
481,472,0.037716555165329756
482,24,0.08186331109728402
482,23,0.06941722164898739
482,472,0.15858843306530468
483,119,0.03806803360125345
483,118,0.21421495235893315
483,912,0.05529549089313006
484,485,0.1102860120872251
485,484,0.1102860120872251
485,983,0.07685119502189153
485,486,0.1552113403431701
486,488,0.05314461608238359
486,487,0.05921281521460662
486,485,0.1552113403431701
487,914,0.0033041722194562173
487,115,0.12550889694626852
487,486,0.05921281521460662
488,486,0.05314461608238359
489,914,0.05125092174763459
489,490,0.05527688616889529
489,617,0.14634513243298078
490,489,0.05527688616889529
490,490,0.1104211317072849
490,490,0.1104211317072849
491,492,0.10051402545607253
491,115,0.15060150567376052
491,735,0.5889725704954671
492,491,0.10051402545607253
492,15,1.4140993901542578
492,16,0.6219065449124411
493,56,0.02430209119955401
493,136,0.04251210321082886
493,134,0.12543809478211598
494,131,0.06841898134945704
494,133,0.07042453290482721
494,134,0.09223468783586443
495,140,0.13231417391042954
496,465,0.1073391576003281
496,1830,0.05173451633465817
496,230,0.14271464802072842
497,498,0.07021058773556448
497,500,0.06413900476467402
497,504,0.22759442508151131
498,502,0.08979596880754061
498,499,0.1284530912342388
498,497,0.07021058773556448
499,501,0.027373305832078757
499,502,0.06435235154141077
499,498,0.1284530912342388
500,22,0.1635129404830875
500,502,0.07171708733483403
500,497,0.06413900476467402
501,499,0.027373305832078757
502,499,0.06435235154141077
502,500,0.07171708733483403
502,498,0.08979596880754061
503,504,0.08372869143936894
504,503,0.08372869143936894
504,497,0.22759442508151131
504,1597,0.16889018728703706
505,1597,0.17321970264524855
505,120,0.09812870921450303
505,1594,0.06490402241105048
506,1590,0.04707119827519291
506,507,0.15548390209079438
506,1594,0.07303018094045596
507,506,0.15548390209079438
508,512,0.039913932900014826
508,1603,0.06354850055329228
508,18,0.3402249822889629
509,739,0.08498843311809395
509,512,0.18764056445548305
509,1873,0.20666867534054814
510,511,0.09630275047531862
511,513,0.06527524267950159
511,513,0.24169513325757566
511,510,0.09630275047531862
512,508,0.039913932900014826
512,509,0.18764056445548305
512,514,0.1883475164479102
513,514,0.05180367650322277
513,511,0.06527524267950159
513,511,0.2416951332575757
514,515,0.11920459387475485
514,512,0.1883475164479102
514,513,0.05180367650322277
515,514,0.11920459387475485
516,1605,0.04484647732055298
516,517,0.1463474179584797
516,1604,0.07987726887890093
517,516,0.14634741795847966
518,520,0.052128687081132524
518,519,0.21772495626959598
518,531,0.16964242514479363
519,1568,0.06136859476443166
519,518,0.21772495626959598
519,531,0.07184896831359658
520,532,0.03291032003402427
520,518,0.052128687081132524
520,521,0.10104899935762243
521,588,0.2304184069641672
521,520,0.10104899935762243
521,1633,0.11565215270435378
522,1571,0.054044036532630034
522,19,0.14805741014161306
522,1572,0.06230202656770682
522,599,0.2939373662989965
523,524,0.05103781708912646
523,525,0.062344437236522006
523,530,0.16127571220971004
524,523,0.05103781708912646
524,527,0.057722642052910826
524,526,0.04270741529603552
525,527,0.04579519211638316
525,1568,0.16060959531616834
525,523,0.062344437236522006
526,524,0.04270741529603552
527,525,0.04579519211638316
527,524,0.057722642052910826
527,1605,0.08199652415232435
527,528,0.047379932475382344
528,527,0.047379932475382344
529,530,0.19022587869683355
530,531,0.10235515510544602
530,523,0.16127571220971004
530,529,0.19022587869683355
531,530,0.10235515510544602
531,518,0.16964242514479363
531,519,0.07184896831359658
532,520,0.03291032003402427
532,583,0.13218353734578586
532,1882,0.2737692454861018
533,750,0.18912266677125572
533,1882,0.20447213915252593
533,1611,0.5293058977273422
534,535,0.2275244752117366
534,537,0.33713986444899346
534,536,0.0958424679334031
535,534,0.2275244752117366
536,534,0.09584246793340309
537,534,0.3371398644489935
537,750,0.09261397802718958
537,1631,0.5066029801230726
538,540,0.02834113207012881
538,1631,0.1736841358155274
538,539,0.9173744420077433
539,538,0.9173744420077432
540,538,0.02834113207012881
540,541,0.1995032317584571
540,542,0.1902585158187382
541,540,0.19950323175845705
542,540,0.1902585158187382
543,261,0.037672878402836854
543,544,0.03595510663077229
543,260,0.15909804740852554
544,259,0.06963373505226868
544,543,0.03595510663077229
544,254,0.10763779486295237
545,574,0.05625286228509565
545,281,0.1820292052004999
545,576,0.1786113999644214
546,547,0.27868037514492267
547,1807,0.19766453866274417
547,957,0.102001275667967
547,546,0.27868037514492267
547,956,0.11967145578376162
548,1004,0.09151322644693999
548,1003,0.23743031649673746
548,793,0.31683244318459086
549,81,0.19531696285637548
549,793,0.12801263878296987
549,893,0.1330773519141885
550,551,0.10107114342310933
550,1005,0.18159659675059953
550,82,0.06638644916163822
551,550,0.10107114342310933
552,897,0.06027053771407094
552,789,0.24303548478416595
552,567,0.17898633603664527
553,98,0.05439707149114679
553,554,0.034834115904901625
553,81,0.16464104955103107
554,891,0.032240181488142505
554,360,0.17674620862621682
554,553,0.034834115904901625
555,891,0.08733080164122378
556,235,0.1986840458527482
557,564,0.21766103330851205
558,564,0.04602308621579066
558,559,0.1875609035757253
558,562,0.07032604893006862
559,1032,0.05341504075191561
559,558,0.18756090357572533
560,562,0.20166944626001443
561,562,0.1049047512124434
562,560,0.2016694462600144
562,558,0.07032604893006862
562,561,0.1049047512124434
563,564,0.11174834817111425
564,558,0.04602308621579066
564,557,0.21766103330851205
564,563,0.11174834817111425
565,246,0.24577543339452038
565,291,0.06875927482179024
565,567,0.18261627194536187
566,246,0.09415031470013877
566,353,0.3321279421930783
566,567,0.13906891457569742
567,566,0.13906891457569742
567,565,0.18261627194536187
567,552,0.17898633603664527
568,569,0.01929765166519834
569,568,0.01929765166519834
569,571,0.04669238906047341
569,570,0.07365053723161617
570,572,0.04262546178002119
570,571,0.0670630083206955
570,569,0.07365053723161617
571,569,0.04669238906047341
571,82,0.06469978044447147
571,570,0.0670630083206955
572,570,0.04262546178002119
573,1566,0.0137036184802869
574,545,0.05625286228509565
574,284,0.17965680442368487
574,575,0.25733574787495705
575,576,0.033640692868826566
575,576,0.3869862918953306
575,1566,0.15141647871465008
575,574,0.25733574787495705
576,575,0.033640692868826566
576,575,0.3869862918953306
576,545,0.1786113999644214
577,281,0.1703219416450985
578,317,0.057828202441766924
578,579,0.05263615383721798
578,1566,0.5069637157189884
579,578,0.05263615383721798
579,1565,0.02785273158859413
579,580,0.19761213589895005
580,579,0.19761213589895005
581,1633,0.19818291047353384
582,583,0.1878738262229658
583,582,0.1878738262229658
583,532,0.13218353734578586
583,832,0.458863591114833
584,589,0.07632128840535041
585,591,0.0700558369833204
585,592,0.06153940149806775
585,589,0.08836729756879014
586,594,0.012737527207203987
586,592,0.09242963431604839
586,796,0.035684890947757376
587,588,0.18606542344972007
587,594,0.0647990088117126
587,1810,0.10580501471808404
588,1567,0.04170381147580461
588,521,0.2304184069641672
588,587,0.18606542344972007
589,1636,0.06925288232174082
589,585,0.08836729756879014
589,584,0.07632128840535041
590,1634,0.027154658371478194
590,796,0.07209848618051655
590,796,0.2007643912322884
591,585,0.0700558369833204
592,586,0.09242963431604839
592,593,0.04194591646763735
592,585,0.06153940149806775
593,592,0.04194591646763735
594,586,0.012737527207203987
594,595,0.06434030469347844
594,587,0.0647990088117126
595,594,0.06434030469347844
596,598,0.24144264224941245
597,1573,0.34777318517823763
598,1573,0.12117797047765179
598,596,0.24144264224941245
598,1572,0.28948962623499747
599,522,0.2939373662989965
600,601,0.0634484135218575
600,1812,0.42906525569258797
600,604,0.07037982589352307
601,605,0.06660006167123818
601,602,0.05966443716173464
601,600,0.0634484135218575
601,603,0.17781859152665283
602,603,0.11539606775725016
602,20,0.0890875262696574
602,601,0.05966443716173464
603,602,0.11539606775725016
603,21,0.08511333984945393
603,601,0.17781859152665283
604,600,0.07037982589352307
605,601,0.06660006167123818
606,1587,0.06919707874536535
606,21,0.01775607445503318
606,610,0.03757816669216106
607,610,0.10507893552226387
608,611,0.04021023907379568
608,609,0.08754807447975826
608,1587,0.0305901245659028
609,22,0.057979154692459955
609,608,0.08754807447975826
609,611,0.2738103290064313
610,611,0.08824973865835385
610,607,0.10507893552226387
610,606,0.03757816669216106
611,608,0.04021023907379568
611,610,0.08824973865835385
611,609,0.27381032900643126
612,58,0.059031443276384044
612,144,0.028832567578997614
612,59,0.023108458642601897
613,615,0.041011363926635055
614,615,0.09241999510731862
615,614,0.09241999510731862
615,613,0.041011363926635055
615,616,0.02278625904633146
616,117,0.06933748082449721
616,615,0.02278625904633146
616,620,0.13557904807285473
617,114,0.05118294818435787
617,618,0.07093931771751003
617,489,0.14634513243298078
618,617,0.07093931771751003
619,620,0.1640859149510465
619,115,0.12927054305077348
619,139,0.26287138361316986
620,137,0.0917098467000331
620,619,0.1640859149510465
620,616,0.13557904807285473
621,135,0.029447727943980782
621,114,0.03135907109864367
621,622,0.08953730717618465
622,129,0.031892716152596236
622,130,0.025749635540148096
622,621,0.08953730717618465
623,140,0.19712450878548074
623,116,0.123352106493937
623,1101,0.18155577605803885
624,1043,0.00766970232004873
625,626,0.10078868161779893
626,625,0.10078868161779893
626,627,0.06348486840915088
626,1100,0.11427350368552341
627,1043,0.024347524900401634
627,1101,0.029528672360723738
627,626,0.06348486840915088
628,629,0.12823686445710697
629,405,0.022924115082126176
629,148,0.057354612106381646
629,628,0.12823686445710697
630,1091,0.023228435211634244
630,632,0.041933899842356674
630,1090,0.06188972982057705
631,1091,0.0508793286260276
632,630,0.041933899842356674
632,928,0.06381021962569422
632,642,0.06758341583063941
633,642,0.009112490839927554
633,635,0.2651373946145727
633,640,0.21364108336758528
633,1092,0.3085686923685742
634,928,0.06321903627395521
634,152,0.24569210599545085
634,644,0.10308983078631885
635,633,0.2651373946145727
636,637,0.11024447302931129
637,639,0.057670992939198217
637,43,0.07017263799694026
637,636,0.11024447302931129
638,639,0.09128412094512098
639,640,0.09530569749292528
639,637,0.057670992939198217
639,638,0.09128412094512098
640,1090,0.03978460102464644
640,639,0.09530569749292528
640,633,0.21364108336758533
641,642,0.050143535124099546
642,632,0.06758341583063941
642,633,0.009112490839927554
642,641,0.050143535124099546
643,1092,0.17886234440763643
643,684,0.04728474946077375
643,650,0.14403591736404936
644,634,0.10308983078631885
644,44,0.21899225296544614
644,645,0.1289238355743709
645,646,0.15236597549984543
645,644,0.1289238355743709
645,649,0.12156358378003125
646,648,0.1057619161759561
646,986,0.012178510821971451
646,645,0.15236597549984543
647,986,0.06487684139272433
648,697,0.06119727783666323
648,646,0.1057619161759561
648,45,0.3757626087522451
649,694,0.03864558825470435
649,693,0.08241473486655941
649,645,0.12156358378003125
650,653,0.02951394826808703
650,1092,0.08268212160744885
650,695,0.07552187129879169
650,643,0.1440359173640494
651,693,0.02335835877291254
652,653,0.05809636789086727
652,693,0.044008781212184295
652,694,0.0794587934057835
653,650,0.02951394826808703
653,695,0.05900708209873681
653,652,0.05809636789086727
654,673,0.10431352195416116
654,684,0.09256596431224705
654,688,0.13973739262010662
655,668,0.03157508046351394
655,656,0.19992699729084878
655,670,0.13310932180880913
656,657,0.4278265318324648
656,655,0.19992699729084878
656,1267,0.4004202308489927
657,661,0.045656407324349654
657,1641,0.2039848293614062
657,656,0.4278265318324648
658,663,0.15136747503749454
659,732,0.04303239990009768
659,661,0.036155103395081524
659,663,0.06270342382524097
660,661,0.09531924454607424
661,659,0.036155103395081524
661,657,0.045656407324349654
661,660,0.09531924454607424
662,769,0.029704511274511788
663,659,0.06270342382524097
663,658,0.15136747503749454
663,769,0.08523723831998595
664,769,0.058065244954908626
665,732,0.0441983854981586
665,769,0.055549846384172895
665,672,0.10390281149129138
666,668,0.0637235214640445
667,668,0.0914146294058025
668,655,0.03157508046351394
668,669,0.13360862297072754
668,667,0.0914146294058025
668,666,0.0637235214640445
669,668,0.13360862297072754
669,1885,0.04393013547494038
669,670,0.0599862818459338
670,669,0.0599862818459338
670,655,0.13310932180880913
670,673,0.05127320462054735
671,677,0.023320116938240848
671,988,0.0299883994085111
671,672,0.0775907813516275
672,721,0.0387559881884547
672,665,0.10390281149129138
672,671,0.0775907813516275
673,688,0.04002088496129196
673,670,0.05127320462054735
673,654,0.10431352195416116
674,678,0.05357112920501382
675,676,0.02561580934667041
676,675,0.02561580934667041
676,678,0.02183961010704015
676,677,0.07155296299376919
677,671,0.023320116938240848
677,679,0.023045080665913393
677,676,0.07155296299376919
678,676,0.02183961010704015
678,674,0.05357112920501382
678,679,0.0729972311582863
679,677,0.023045080665913393
679,680,0.06263846277472242
679,678,0.0729972311582863
679,989,0.11883335629401227
680,679,0.06263846277472242
680,1885,0.015180992266588098
680,681,0.06708521160592829
681,680,0.06708521160592829
682,683,0.12343997798503255
683,718,0.030161154647553364
683,721,0.07545833089345642
683,682,0.12343997798503255
684,654,0.09256596431224705
684,643,0.04728474946077375
684,685,0.13382151120837874
685,687,0.09297915927838193
685,779,0.0579250728806258
685,684,0.13382151120837874
686,45,0.10373110123129195
686,689,0.025073994807267765
686,692,0.07613821824637336
687,685,0.09297915927838193
688,673,0.04002088496129196
688,1885,0.12710935189125083
688,654,0.13973739262010662
689,686,0.025073994807267765
689,718,0.018337052694069222
689,770,0.1476222484684412
690,779,0.06187698805253105
691,692,0.05257168553831269
692,691,0.05257168553831269
692,686,0.07613821824637336
692,779,0.06398028262797155
693,651,0.02335835877291254
693,649,0.08241473486655941
693,652,0.044008781212184295
694,695,0.05069542446748396
694,649,0.03864558825470435
694,652,0.0794587934057835
695,694,0.05069542446748396
695,653,0.05900708209873681
695,650,0.07552187129879169
696,155,0.05569935481665191
696,697,0.07612195073751889
696,154,0.11256257616753436
697,648,0.06119727783666323
697,696,0.07612195073751889
697,44,0.09729875628555108
698,707,0.020636996091873486
698,705,0.024627962729969394
698,704,0.1561052873182308
699,707,0.03657152548744104
699,700,0.12094464990819191
699,708,0.10262560481275775
700,1726,0.01094795336540605
700,699,0.12094464990819191
700,1704,0.04842671571067149
700,1761,0.20814308071264676
700,1762,0.11724802364676216
701,1702,0.057718748910621384
701,1710,0.06182221677969815
701,1761,0.19334089138566313
701,1760,0.15815828867810824
702,704,0.033837017573549816
703,704,0.04164751414742059
703,705,0.11311755313100819
703,155,0.06299653825828902
704,703,0.04164751414742059
704,702,0.033837017573549816
704,698,0.1561052873182308
705,706,0.10750620336904712
705,698,0.024627962729969394
705,703,0.11311755313100819
706,705,0.10750620336904712
706,709,0.05270371172189177
706,155,0.14647837340760417
707,699,0.03657152548744104
707,698,0.020636996091873486
707,710,0.08279599249011417
708,1117,0.015643350624409236
708,699,0.10262560481275775
708,710,0.04692404694084267
709,417,0.08116369212168152
709,706,0.05270371172189177
709,710,0.08408002940627765
710,708,0.04692404694084267
710,707,0.08279599249011417
710,709,0.08408002940627765
711,717,0.1294396415553468
711,417,0.09857365289979464
711,713,0.07313066525813634
712,714,0.032973297458113345
712,1118,0.05000012211598103
712,713,0.10435333197187817
713,712,0.10435333197187817
713,711,0.07313066525813634
713,1118,0.08872582171417613
714,712,0.032973297458113345
715,1683,0.07902888916992776
715,717,0.04625320065547545
715,1685,0.18466378828959387
716,717,0.21266736408102094
717,715,0.04625320065547545
717,711,0.1294396415553468
717,716,0.21266736408102094
718,683,0.030161154647553364
718,689,0.018337052694069222
718,722,0.08766743643665476
719,728,0.05664410607461254
719,726,0.07892274929044922
719,731,0.029557794897704454
719,1767,0.03494826364270557
720,721,0.11769692244909126
721,683,0.07545833089345642
721,672,0.0387559881884547
721,720,0.11769692244909126
722,724,0.03153145663770195
722,718,0.08766743643665474
722,723,0.08709203576819667
723,722,0.08709203576819667
724,725,0.05843063692762209
724,728,0.05342091947755651
724,722,0.03153145663770195
725,724,0.05843063692762209
726,719,0.07892274929044922
727,728,0.09493828613198281
728,719,0.05664410607461254
728,727,0.09493828613198281
728,724,0.05342091947755651
729,731,0.10174359210938054
730,731,0.05130553607525004
731,719,0.029557794897704454
731,730,0.05130553607525004
731,729,0.10174359210938054
732,665,0.0441983854981586
732,659,0.04303239990009768
732,733,0.2115295411001624
733,732,0.21152954110016237
734,410,0.33074462961403883
735,491,0.5889725704954671
736,119,0.2844673774102972
737,17,0.010222191616567226
737,738,0.04434043720586353
737,16,0.29086033060210553
738,737,0.04434043720586353
738,1603,0.5185548179982643
738,1602,0.154243526712569
739,834,0.9720225466398824
739,509,0.08498843311809395
739,1603,0.316802252181229
740,910,0.15879024204177247
740,31,0.27207817962920616
741,1029,0.035602378225400466
741,744,0.11065798148955741
741,742,0.18159378940332935
742,740,0.13034827874300353
742,741,0.18159378940332935
743,744,0.12270549410559047
744,743,0.12270549410559047
744,741,0.1106579814895574
744,62,0.14319286604298495
745,1604,0.02429011278878297
745,748,0.09760808686597121
745,747,0.0585557104749236
746,748,0.049059026695651
747,745,0.0585557104749236
748,746,0.049059026695651
748,745,0.09760808686597121
748,749,0.2281473018769351
749,748,0.2281473018769351
750,537,0.09261397802718958
750,533,0.1891226667712557
750,795,0.10659155540421093
751,1819,0.020738062068802618
751,752,0.08013357856098967
751,1818,0.07406747510911253
752,753,0.030579692361300134
752,1814,0.07837532067862592
752,751,0.08013357856098967
752,1815,0.06896696479084065
753,1681,0.09743300449496789
753,752,0.030579692361300134
753,1813,0.017963693413513792
754,1728,0.02221580155495538
754,1681,0.10798051194588411
754,862,0.09708994237414555
755,1675,0.3423209345823785
755,1728,0.248058692118299
755,1673,0.061875639726915156
756,797,1.5937951882117707
756,1679,0.3040104568528577
756,1677,0.5144121630821564
757,1641,0.04715113708971029
757,1822,0.07559046534128772
757,762,0.4394618935355789
758,762,0.14275308258803818
758,786,0.09928885073637671
759,758,0.037183808596424006
759,1929,1.2829818508982043
760,764,0.10251414373174049
760,46,0.10792293209210654
760,761,0.24151047662172773
761,762,0.15067889103154403
761,760,0.24151047662172775
761,1107,0.08631571813550742
762,758,0.14275308258803818
762,757,0.43946189353557896
762,761,0.15067889103154403
763,766,0.03326619682714527
764,1822,0.042827944662873464
764,766,0.09489949242160212
764,760,0.10251414373174048
765,766,0.05341285715110471
766,764,0.09489949242160212
766,763,0.03326619682714527
766,765,0.05341285715110471
767,39,0.3449617246127494
768,447,0.05756459789474128
768,450,0.02019770357344818
768,449,0.02943713802914383
768,448,0.05524064087472621
769,663,0.08523723831998595
769,662,0.029704511274511788
769,665,0.055549846384172895
769,664,0.058065244954908626
770,689,0.14762224846844124
771,1418,0.10305761478022149
771,778,0.08165666212184511
771,1751,0.1515106241576676
772,1751,0.021218326395804156
772,1752,0.0940901351696345
772,1426,0.1382404695832809
773,1436,0.026796539480640112
773,1426,0.19971147484017113
773,1433,0.05588933817834121
774,1551,0.009536227689259304
774,1544,0.1392438027115208
774,1454,0.047428859890599126
775,1541,0.07037478817390291
775,792,0.09172900060961951
775,1542,0.26456182498195363
776,1748,0.01816218800642474
777,1884,0.036777049307907726
777,1884,0.2265939670367441
777,778,0.17974984378338624
778,35,0.03671002355335837
778,771,0.08165666212184511
778,777,0.17974984378338624
779,690,0.06187698805253105
779,692,0.06398028262797155
779,685,0.0579250728806258
780,1312,0.03843295072655024
780,1713,0.4638231361954379
780,781,0.5134419871326262
781,1639,0.08369149695763224
781,780,0.5134419871326263
781,1629,0.1945857512001295
782,1654,0.01833354851206886
782,1653,0.09663154826309736
782,1311,0.1262526244525451
783,1652,0.007268851194265723
783,784,0.04036969256403467
783,1238,0.04093305292427399
784,783,0.04036969256403467
784,7,0.1757713182744381
784,1238,0.04466600862209256
785,1156,0.476903998547568
785,1162,0.4385445807226715
785,1146,0.0642498781220836
786,788,0.06642858073507202
787,788,0.06812372546127907
787,42,0.08197444044663174
788,42,0.04243445924081807
788,839,0.44023561786791543
788,786,0.06642858073507202
789,81,0.18751202562735908
789,552,0.24303548478416592
789,790,0.09881804488946763
790,895,0.03521329808087409
790,789,0.09881804488946763
790,894,0.09292412035982515
791,1744,0.035622535432966916
791,257,0.274166676536901
791,1533,0.14172782635670875
792,775,0.09172900060961951
792,1744,0.08194778095524527
792,1534,0.28415054624298985
793,794,0.06770385487385015
793,892,0.05473696257567145
793,549,0.12801263878296987
793,548,0.31683244318459086
794,793,0.06770385487385015
794,887,0.05281644426013431
794,863,0.06672530333365358
795,750,0.10659155540421093
796,586,0.035684890947757376
796,590,0.07209848618051655
796,590,0.20076439123228842
797,798,0.3496446920276465
797,756,1.593795188211771
797,1731,0.7146998895967317
798,799,0.7821594358911259
798,797,0.3496446920276464
798,801,0.36745057237739576
799,1397,0.3455496479289219
799,798,0.782159435891126
799,1395,0.10967548160733981
800,1741,1.0598744019452537
800,1731,0.08930406246603
800,1735,0.220000431493061
801,802,0.3603105001398823
801,798,0.3674505723773957
801,1732,0.3967283736352398
802,1774,0.023413593649424812
802,1771,0.2993700333450771
802,801,0.36031050013988236
803,804,0.5775870280694064
804,1905,0.06399916085918941
804,803,0.5775870280694065
804,1918,0.07826102602417871
805,1901,0.06210805137415834
805,1900,0.061479469929268005
805,1121,0.05221653986113474
806,1277,0.09178128660334717
806,1286,0.280786506084261
806,1124,0.17515894301890872
807,808,0.19815958460552768
808,807,0.19815958460552768
808,1224,0.14056257775903627
808,1221,0.05255883376409701
809,1232,0.031698117342138045
809,1227,0.04895702300408406
809,1186,0.27580806686552173
810,1183,0.08498927322827027
810,1181,0.0661784498640155
810,5,0.3662307101378708
811,968,0.1678824695323686
812,968,0.1901677122834937
812,951,0.22382919513365576
812,970,0.09522413326624234
813,952,0.0656235257363877
813,953,0.06820077180211515
813,969,0.1560890100884588
814,160,0.12361625189567878
814,168,0.03831500582726783
814,815,0.05213878088015446
815,814,0.05213878088015446
816,1866,0.7963862308895853
817,159,0.009741755081303014
817,1481,0.0072302501037831745
817,1849,2.619662168913799
818,819,0.0639899158811914
818,158,0.3220246723692429
818,1847,0.08307560567748441
819,1847,0.0367914681844594
819,48,0.375765766587945
820,46,0.21426380599405412
820,821,0.047438196265888626
821,822,0.036159020322685156
821,1106,0.07747422147722444
822,820,0.027402644352195717
822,1242,0.05793987814040429
823,1266,0.03698572172713111
823,1106,0.05286294226543746
823,1264,0.09972834217967579
824,825,0.0473953117454642
824,825,0.2213351922014788
824,1865,0.030239385912519665
824,1143,0.08895812585127529
825,824,0.0473953117454642
825,824,0.22133519220147882
825,1153,0.08760788703593898
825,826,0.06146464516197544
826,1144,0.00959606253020788
826,825,0.06146464516197544
826,1142,0.09234413048579529
827,1144,0.02515801482727878
827,1144,0.032008369272140416
827,1236,0.10584819567565924
828,218,0.3420610743239501
828,1250,0.11922077353180742
828,1236,0.19837186951264835
829,1008,0.06836836565711471
829,830,0.024161215336604903
829,938,0.3961442296838891
830,831,0.10400398850307578
830,1807,0.054108186313780234
830,829,0.024161215336604903
831,830,0.10400398850307578
832,583,0.45886359111483294
833,834,0.7127992450876037
833,1649,0.25988298800323206
834,833,0.7127992450876037
834,739,0.9720225466398824
834,1646,0.5589454487232303
835,389,0.02316246624738876
836,837,0.12236247817053617
836,869,0.047939694831436605
836,870,0.03187326478404045
837,866,0.04237673636704223
837,865,0.08739448833932702
837,836,0.12236247817053617
838,228,0.04449543349316573
838,460,0.15232697610077564
838,229,0.08109104476200005
839,788,0.44023561786791543
839,840,0.10505361033555313
839,860,0.29757125197347545
840,839,0.10505361033555315
841,843,0.30411754912862543
841,1724,0.03933080574087538
841,1723,0.22406365518756322
842,1724,0.1320760356038328
843,841,0.3041175491286254
843,1723,0.4568989971246547
843,844,0.6880721126925969
844,843,0.688072112692597
844,845,0.04242375847701058
844,1381,0.6354809125883304
845,844,0.04242375847701058
845,851,0.35732811276342313
845,854,0.2344748155748453
846,847,0.06091704919970658
847,846,0.06091704919970658
847,857,0.10776952177068902
847,1707,0.36975571647499506
848,1825,0.03871388252039095
848,849,0.12736577650420858
848,849,0.149820744540032
849,848,0.12736577650420855
849,848,0.149820744540032
849,850,0.26330759666315995
850,1707,0.19159133495061714
850,849,0.26330759666315984
850,1381,0.15707928252422246
851,845,0.3573281127634232
851,1381,0.18070434374887537
851,1825,0.17944987941629878
852,856,0.0036861964275667443
852,1825,0.4601545472162695
852,859,0.12583625146415606
853,854,0.14313783144329764
854,845,0.23447481557484529
854,853,0.14313783144329767
854,856,0.2170492152875569
855,856,0.04621785389489865
856,852,0.0036861964275667443
856,854,0.21704921528755688
856,855,0.04621785389489865
857,1707,0.4532510680787492
857,847,0.10776952177068903
857,858,0.24287149299105257
858,857,0.24287149299105257
858,1770,0.2665956494951326
858,1766,0.08918560089893551
859,860,0.010005502269617153
859,852,0.12583625146415603
859,1768,0.05244791536341736
860,859,0.010005502269617153
860,839,0.2975712519734755
860,861,0.04462775337896613
861,860,0.044627753378966135
861,862,0.5901639444547152
861,1920,0.06105868865435698
862,861,0.5901639444547152
862,1919,0.16299771415176087
862,754,0.09708994237414555
863,794,0.06672530333365359
864,865,0.09052748540024864
865,837,0.08739448833932702
865,868,0.047296771033976365
865,864,0.09052748540024866
866,837,0.04237673636704223
867,868,0.046415729263525385
868,865,0.047296771033976365
868,13,0.15757276862437278
868,867,0.046415729263525385
869,836,0.047939694831436605
870,836,0.03187326478404045
871,318,0.3043998294166876
871,337,0.03714337334248948
871,12,0.23616765663698958
872,1795,0.028043127422483927
872,874,0.04839856666832799
872,878,0.4940334776141028
873,874,0.08705207112101822
874,873,0.08705207112101822
874,872,0.048398566668327994
874,875,0.18434729100069774
875,874,0.18434729100069774
876,1851,0.006503169402830921
876,1295,0.22669521261660344
876,877,0.1871803423277197
877,1141,0.24095692043983366
877,876,0.18718034232771974
877,1135,0.042862442176434784
877,1134,0.044467189375459466
878,879,0.0648713348991385
878,1613,0.05430199356507269
878,872,0.4940334776141028
879,878,0.0648713348991385
879,1782,0.046041546767734635
879,880,0.06084694277557805
880,879,0.06084694277557805
881,1785,0.05773212870550297
881,1643,0.12428752966741405
881,1782,0.03815075664100889
882,45,0.17782062809845178
883,1104,0.18095183070832133
883,1103,0.16154443490360615
884,84,0.005836428291489307
884,832,0.12395022278465734
885,886,0.22675495424879333
886,291,0.10399173494906674
886,249,0.1735763580756912
886,885,0.2267549542487933
887,794,0.05281644426013431
888,1722,0.03504323478667762
889,94,0.11696336903126428
889,98,0.22262640505941073
889,1722,0.11386134760112025
890,891,0.02722925119611366
891,554,0.032240181488142505
891,890,0.02722925119611366
891,555,0.08733080164122377
892,793,0.05473696257567145
893,549,0.1330773519141885
894,790,0.09292412035982515
895,790,0.03521329808087409
896,897,0.10024548803222384
897,552,0.06027053771407094
897,82,0.0743868630011879
897,896,0.10024548803222384
898,1718,0.2955418075023178
899,271,0.03031600054759383
899,1031,0.0671333647268957
899,95,0.08377950541389198
900,247,0.11086781801535014
900,243,0.07507918918477585
900,357,0.12709330927568133
901,902,0.1040704966197001
901,943,0.15261434878249405
901,942,0.07130519893070979
902,903,0.12853028298616945
902,901,0.10407049661970011
902,941,0.06471318500737962
903,904,0.019770464605318817
903,164,0.06857104686529815
903,902,0.12853028298616945
904,903,0.019770464605318817
904,1009,0.08587386487407948
904,905,0.0687190664161406
905,904,0.0687190664161406
906,164,0.09951150443679542
907,908,0.056098223216888794
908,237,0.11053678371700133
908,907,0.056098223216888794
908,242,0.07951556591365448
909,910,0.23182437230361636
909,1018,0.16658764329245906
910,909,0.23182437230361638
910,909,0.061664884900787566
911,913,0.034813396139155704
911,912,0.043554995675776934
911,967,0.1542587873979946
912,983,0.1516798081865888
912,483,0.05529549089313006
912,911,0.043554995675776934
913,911,0.034813396139155704
914,489,0.05125092174763459
914,487,0.0033041722194562173
914,915,0.044894782529293395
915,914,0.044894782529293395
916,349,0.04134266037580316
916,348,0.3035677055521692
916,917,0.09237843641779316
917,351,0.0388935598857808
917,350,0.06502585697330628
917,916,0.09237843641779316
918,351,0.00921049531510721
918,349,0.09324289441970394
918,919,0.07463145209966235
919,918,0.07463145209966235
920,236,0.015207602608627063
920,235,0.027016175459964386
920,921,0.14233332699479956
921,920,0.14233332699479959
922,236,0.14411948769445984
923,924,0.10854191793527024
924,114,0.061703493428139224
924,1099,0.05097929872033598
924,923,0.10854191793527025
925,1042,0.17995770954196433
925,409,0.10932458726274112
925,926,0.13524812536280553
926,925,0.13524812536280553
927,928,0.09553774496063545
928,634,0.06321903627395521
928,632,0.06381021962569422
928,927,0.09553774496063545
929,125,0.04203068467279843
930,392,0.2465500860879651
930,931,0.1131071163852034
930,932,0.1652173905652256
931,226,0.1255040749020768
931,225,0.03819589273789993
931,930,0.1131071163852034
932,933,0.03322364895291355
932,930,0.1652173905652256
932,934,0.09267028603851343
933,932,0.03322364895291355
934,932,0.09267028603851343
935,936,0.1894021339201994
936,226,0.012115115765352584
936,385,0.1750466345732423
936,935,0.18940213392019942
937,937,0.32894724171354844
937,937,0.32894724171354844
937,1009,0.0846736513551156
938,829,0.3961442296838891
938,939,0.07592651107001103
938,940,0.10011712582141265
939,938,0.07592651107001103
940,938,0.10011712582141265
941,902,0.06471318500737962
942,901,0.07130519893070979
943,947,0.008346133838196532
943,944,0.028066842215783015
943,901,0.15261434878249405
944,943,0.028066842215783015
945,948,0.03310876440718423
945,949,0.016411696370973394
945,946,0.041423391199471436
946,949,0.02996911823653158
946,947,0.06280008750746655
946,945,0.04142339119947145
947,943,0.008346133838196532
947,369,0.9330181987447305
947,946,0.06280008750746655
948,945,0.03310876440718423
949,945,0.016411696370973394
949,946,0.02996911823653158
949,950,0.2925492518580861
950,949,0.2925492518580862
951,955,0.05764747750471426
951,812,0.22382919513365576
951,952,0.24615750694125432
952,813,0.0656235257363877
952,955,0.08308908998813241
952,951,0.24615750694125435
953,813,0.06820077180211515
953,127,0.24850644373911626
953,954,0.06517197701440108
954,1038,0.03436143784245387
954,955,0.12800445176852934
954,953,0.06517197701440108
955,952,0.08308908998813241
955,951,0.05764747750471426
955,954,0.12800445176852934
956,547,0.11967145578376162
957,958,0.0851623847634484
957,547,0.102001275667967
957,92,0.04988151888010274
958,957,0.0851623847634484
959,346,0.03200384152254503
959,246,0.08912703271619364
959,960,0.08927217348802763
960,959,0.08927217348802763
961,344,0.07214146493541934
962,3,0.09442092037516425
963,232,0.04132213942191605
963,965,0.09593575054467547
963,964,0.13927542905696108
964,963,0.13927542905696108
965,966,0.06383449606910624
965,235,0.2307516172341992
965,963,0.09593575054467547
966,965,0.06383449606910624
967,119,0.10055931746646343
967,16,0.14595085687485904
967,911,0.1542587873979946
968,812,0.1901677122834937
968,811,0.1678824695323686
968,969,0.39029289716897414
969,813,0.15608901008845882
969,221,0.3525033472169429
969,968,0.39029289716897425
970,971,0.053970853548801594
970,972,0.03227700905997446
970,812,0.09522413326624234
971,970,0.053970853548801594
972,970,0.03227700905997446
972,972,0.29639108497225863
972,972,0.2963910849722587
973,976,0.032601200410818626
973,1012,0.420851921344425
973,974,0.10917039961346749
974,973,0.10917039961346749
975,976,0.06621906188350019
976,978,0.045762706971608336
976,973,0.032601200410818626
976,975,0.06621906188350019
977,978,0.0782204307191001
978,980,0.05032102631644118
978,976,0.045762706971608336
978,977,0.0782204307191001
979,980,0.1057088159551794
980,993,0.02687105106494144
980,978,0.05032102631644118
980,979,0.1057088159551794
980,981,0.09349623615415556
981,980,0.09349623615415555
982,993,0.2305333041191994
983,485,0.07685119502189153
983,912,0.15167980818658877
983,984,0.1371948250156145
984,983,0.1371948250156145
985,411,0.2227183963923544
986,646,0.012178510821971451
986,647,0.06487684139272433
986,987,0.0890634672370283
987,986,0.0890634672370283
988,671,0.0299883994085111
989,679,0.11883335629401226
990,243,0.19465378873453995
990,359,0.09259461225357837
990,991,0.35540343023365306
991,990,0.35540343023365306
992,97,0.22216956090213208
993,995,0.018901001190838533
993,980,0.02687105106494144
993,982,0.23053330411919937
994,996,0.030678874064541194
994,995,0.09194904080028823
994,1035,0.16850791424887035
995,1037,0.08577166704340101
995,993,0.018901001190838533
995,994,0.09194904080028823
996,994,0.030678874064541194
996,997,0.14899833119784237
996,1034,0.08735371305898813
997,996,0.14899833119784237
998,999,0.13321867970798607
998,9,0.21812398538323638
998,371,0.24729127586525076
999,998,0.13321867970798607
1000,1001,0.11407484816689512
1001,73,0.0904463773919711
1001,445,0.09195248888823057
1001,1000,0.11407484816689512
1002,90,0.041925281659120135
1003,1004,0.14371019459455206
1003,1004,0.34638598190163183
1003,548,0.23743031649673746
1004,548,0.09151322644693999
1004,1003,0.14371019459455206
1004,1003,0.3463859819016318
1005,550,0.1815965967505995
1006,34,0.10875703545078272
1006,1413,0.1191989024407536
1006,1007,0.15024377431179942
1007,1006,0.15024377431179942
1008,829,0.06836836565711471
1009,937,0.0846736513551156
1009,904,0.08587386487407948
1009,1010,0.2880742565096143
1010,1009,0.2880742565096143
1011,1012,0.2686220447564884
1012,421,0.058173840303474236
1012,973,0.4208519213444249
1012,1011,0.26862204475648843
1013,437,0.03542428482151319
1014,377,0.1161730164080343
1015,1016,0.042450779461658684
1016,452,0.11776341768904768
1016,1015,0.042450779461658684
1016,376,0.04425201760997551
1017,233,0.06441291573161373
1017,374,0.07983911944222769
1017,231,0.27541296924860553
1018,91,0.15198978576102085
1018,1019,0.12679794353104795
1019,1021,0.057826983503823974
1019,1018,0.12679794353104795
1019,1020,0.1972175665746459
1020,1019,0.19721756657464592
1021,1019,0.057826983503823974
1022,1029,0.030136957538770187
1022,1023,0.13964005517452144
1022,1023,0.06651375295679302
1023,31,0.04421733593157331
1023,1022,0.1396400551745214
1023,1022,0.06651375295679302
1024,355,0.10880496843366742
1025,1026,0.09826260044105588
1025,379,0.1116178585244402
1025,385,0.08978334859182037
1026,1025,0.09826260044105588
1027,385,0.03324916622512803
1027,231,0.18071601736064227
1027,1028,0.05141433843422155
1028,1027,0.05141433843422156
1029,1022,0.030136957538770187
1029,31,0.08694690999965879
1029,741,0.035602378225400466
1030,1031,0.05786210532532186
1031,101,0.04776694657078336
1031,899,0.0671333647268957
1031,1030,0.05786210532532186
1032,1826,0.08759633898728197
1032,1033,0.05290230989416557
1033,1032,0.05290230989416557
1034,996,0.08735371305898815
1035,127,0.05082843262033194
1035,1037,0.02175976896312059
1035,994,0.16850791424887032
1036,1037,0.10021649158158183
1036,1061,0.08171977567795292
1036,1056,0.1565494380868572
1037,1035,0.02175976896312059
1037,995,0.08577166704340101
1037,1036,0.10021649158158183
1038,954,0.03436143784245387
1039,1040,0.1085435040259909
1039,1052,0.1321275989748413
1039,1080,0.034915100890759956
1040,1047,0.04841063787588252
1040,1049,0.03626393578884451
1040,1045,0.0842273501625246
1040,1039,0.1085435040259909
1041,1042,0.03658675040283958
1042,1041,0.03658675040283958
1042,151,0.1438678360406816
1042,925,0.1799577095419643
1043,624,0.00766970232004873
1043,627,0.024347524900401634
1043,1044,0.03142887500968182
1044,1043,0.03142887500968182
1045,1046,0.13915705033697248
1045,1040,0.0842273501625246
1045,1047,0.14966224593107622
1046,1045,0.13915705033697248
1046,1050,0.08802777605598368
1046,1052,0.14604880987250862
1047,1048,0.1429415714919131
1047,1040,0.04841063787588252
1047,1045,0.14966224593107622
1048,1082,0.017817241384411684
1048,219,0.016319181014374864
1048,1047,0.1429415714919131
1049,1040,0.03626393578884451
1050,1051,0.07451711778847339
1050,1046,0.08802777605598368
1050,1054,0.023899063285306183
1051,1050,0.07451711778847339
1052,1046,0.14604880987250862
1052,1053,0.15927477020399985
1052,1039,0.1321275989748413
1053,1073,0.04635017069648105
1053,1054,0.047289194055941335
1053,1052,0.15927477020399985
1054,1050,0.023899063285306183
1054,1053,0.047289194055941335
1054,1077,0.043904074910193436
1055,1063,0.17583302494408978
1056,1057,0.09810254636045124
1056,1060,0.1523060191977731
1056,1036,0.15654943808685717
1057,1058,0.17480203695062127
1057,1056,0.09810254636045124
1057,1060,0.058348276752387476
1058,1059,0.1488224106912583
1058,1057,0.1748020369506213
1058,1060,0.11519682328815017
1059,1068,0.06853573199668352
1059,1065,0.06854783090819361
1059,1058,0.14882241069125832
1060,1056,0.1523060191977731
1060,1057,0.058348276752387476
1060,1058,0.11519682328815017
1061,127,0.006344755004043909
1061,126,0.24241230680157463
1061,1036,0.08171977567795292
1062,1063,0.12011789800391814
1063,1064,0.06340418986720327
1063,1055,0.17583302494408978
1063,1062,0.12011789800391816
1064,1065,0.036208300952280864
1064,1063,0.06340418986720327
1064,1072,0.04857542219235897
1065,1059,0.06854783090819361
1065,1064,0.036208300952280864
1065,126,0.25794463874224527
1065,1066,0.14947106765464135
1066,1065,0.14947106765464133
1066,1085,0.16162283208488756
1066,1084,0.026725858821898277
1067,401,0.007789926052147136
1067,400,0.07352443660670223
1067,1068,0.0717108415835574
1068,128,0.11444903802080568
1068,1059,0.06853573199668352
1068,1069,0.06112830576577081
1068,1067,0.0717108415835574
1069,1068,0.06112830576577081
1069,1071,0.0399393768199871
1069,1070,0.17624826545952094
1070,1069,0.17624826545952094
1071,1069,0.0399393768199871
1072,1064,0.04857542219235897
1073,1074,0.04462798068633384
1073,1053,0.04635017069648105
1073,1077,0.04629051335407533
1074,1075,0.06391938905255183
1074,1073,0.04462798068633384
1074,1078,0.0724400968565497
1074,1077,0.08983796795588464
1075,1074,0.06391938905255183
1075,1079,0.06458211934565342
1075,1076,0.25167570857741806
1076,1093,0.08304282454270064
1076,1075,0.25167570857741806
1076,1094,0.027678741804755966
1077,1073,0.04629051335407533
1077,1054,0.043904074910193436
1077,1074,0.08983796795588464
1078,1079,0.06961271975624576
1078,1074,0.0724400968565497
1078,1080,0.3644941074738355
1079,1078,0.06961271975624576
1079,1075,0.06458211934565342
1079,1096,0.2379968028895782
1080,1082,0.03218731048869886
1080,1078,0.3644941074738355
1080,1039,0.03491510089075995
1081,1082,0.1451179516936041
1082,1080,0.03218731048869886
1082,1048,0.017817241384411684
1082,1081,0.1451179516936041
1083,1084,0.04610238796880474
1083,1088,0.09101276082257673
1083,1089,0.0551674387968641
1084,1066,0.026725858821898277
1084,1083,0.04610238796880474
1084,1087,0.1310898925496851
1085,1086,0.07789380760616621
1085,219,0.09626036004877989
1085,1066,0.16162283208488754
1086,1085,0.07789380760616621
1087,1084,0.1310898925496851
1088,1083,0.09101276082257673
1089,1083,0.0551674387968641
1090,640,0.03978460102464644
1090,1091,0.03786192600784065
1090,630,0.06188972982057705
1091,631,0.0508793286260276
1091,630,0.023228435211634244
1091,1090,0.03786192600784065
1092,650,0.08268212160744885
1092,643,0.17886234440763643
1092,633,0.30856869236857426
1093,1076,0.08304282454270064
1094,1076,0.027678741804755966
1095,1254,0.023706269752600116
1095,1096,0.08487572289235035
1095,1255,0.25580008750986694
1096,221,0.21563486964171868
1096,1079,0.2379968028895782
1096,1095,0.08487572289235035
1097,370,0.6873367865095459
1098,1099,0.05870497952169791
1099,118,0.11931090290824864
1099,924,0.05097929872033598
1099,1098,0.05870497952169791
1100,626,0.11427350368552341
1101,627,0.029528672360723738
1101,623,0.18155577605803888
1101,1102,0.04681926438167375
1102,1101,0.04681926438167375
1103,883,0.16154443490360612
1103,1104,0.20882792014196574
1104,103,0.3780508092399667
1104,1103,0.20882792014196574
1105,1271,0.06172717477483617
1105,1267,0.08810078575334797
1105,1272,0.17004486096889532
1106,1271,0.10594728990432652
1106,823,0.05286294226543746
1106,821,0.07747422147722444
1107,761,0.08631571813550744
1108,1110,0.03489591993727844
1108,1109,0.11616266491907197
1108,1111,0.08174808064471448
1109,46,0.18810844076151348
1109,1790,0.5204470172340243
1109,1108,0.11616266491907197
1110,1108,0.03489591993727844
1111,1108,0.08174808064471448
1112,1114,0.057491041668551575
1112,102,0.3438206645755495
1112,1113,0.0956185242752818
1113,1112,0.0956185242752818
1114,1112,0.057491041668551575
1114,1115,0.032114063913240246
1114,1116,0.2703168096745177
1115,1114,0.032114063913240246
1116,1114,0.27031680967451777
1117,708,0.015643350624409236
1117,417,0.07384109977804995
1117,1118,0.03231006581541068
1118,712,0.05000012211598103
1118,713,0.08872582171417613
1118,1117,0.03231006581541068
1119,1120,0.05918535357789275
1119,1924,0.2618062016438071
1119,1921,0.23256357329940272
1120,1121,0.012078546994315913
1120,1119,0.05918535357789275
1120,1122,0.07712455327692365
1121,1120,0.012078546994315913
1121,1123,0.042562344831009416
1121,805,0.05221653986113474
1122,1120,0.07712455327692365
1123,1121,0.042562344831009416
1124,806,0.17515894301890872
1125,1126,0.20327123953990692
1126,104,0.20443978311515126
1126,1125,0.2032712395399069
1126,1127,0.09556029629797116
1126,1129,0.24828732429465777
1127,1128,0.22892083100557853
1127,1126,0.09556029629797115
1127,1130,0.04881785941362542
1128,1127,0.22892083100557853
1129,1126,0.24828732429465777
1130,1131,0.038111375972282716
1130,1127,0.0488178594136254
1130,1132,0.04315833187521872
1131,1130,0.038111375972282716
1131,1132,0.07087788007006711
1131,1780,0.022253498193607606
1132,1133,0.10562003849646556
1132,1131,0.07087788007006711
1132,1130,0.04315833187521872
1133,1132,0.10562003849646556
1134,877,0.044467189375459466
1134,1136,0.2219860942303548
1134,1138,0.23934907902893407
1135,877,0.042862442176434784
1136,1138,0.04466653710852975
1136,1137,0.06624291827400591
1136,1134,0.22198609423035484
1137,1139,0.062364365390625884
1137,1136,0.06624291827400591
1137,1138,0.10697085021330131
1138,1136,0.04466653710852975
1138,1137,0.10697085021330131
1138,1134,0.23934907902893407
1139,1141,0.04282755619215886
1139,1137,0.062364365390625884
1139,1627,0.14178902229806767
1140,1141,0.1387843522905449
1141,1139,0.04282755619215886
1141,877,0.24095692043983366
1141,1140,0.1387843522905449
1142,1153,0.04907653229371377
1142,826,0.09234413048579529
1142,1236,0.2136941946166715
1143,1153,0.058843287458795406
1143,824,0.08895812585127529
1143,1865,0.22541390622101568
1144,826,0.00959606253020788
1144,827,0.02515801482727878
1144,827,0.032008369272140416
1145,1146,0.4055421930544928
1145,1147,0.36880756134690657
1145,1148,0.23929220578575738
1146,1171,0.06891582893233475
1146,785,0.0642498781220836
1146,1145,0.40554219305449274
1147,1145,0.3688075613469066
1148,1149,0.014523082857325445
1148,1150,0.06622537947422431
1148,1145,0.2392922057857574
1149,1148,0.014523082857325445
1149,1151,0.050901438735719
1149,1152,0.0960033872724684
1150,1148,0.06622537947422431
1151,1149,0.050901438735719
1152,1149,0.09600338727246839
1153,1142,0.04907653229371377
1153,1143,0.058843287458795406
1153,825,0.08760788703593898
1154,1155,0.05553588513255257
1154,1156,0.07461992974078159
1155,1154,0.05553588513255257
1156,1157,0.066315825533662
1156,1154,0.07461992974078159
1156,785,0.476903998547568
1157,1156,0.066315825533662
1157,1158,0.048665695767873315
1157,1870,0.17798809919055916
1158,1157,0.048665695767873315
1159,1870,0.11625140952354812
1160,1866,0.05198282428928448
1161,1162,0.055325414974539994
1161,1163,0.1354734635245887
1161,1163,0.09840718250775651
1162,1161,0.055325414974539994
1162,785,0.4385445807226715
1162,1612,1.7306873862755068
1163,1165,0.04099188889600781
1163,1161,0.1354734635245887
1163,1161,0.09840718250775651
1163,1164,0.0407142968474244
1164,1163,0.0407142968474244
1165,1163,0.04099188889600781
1166,1197,0.15985190437292368
1166,1167,0.20744066397357713
1167,1168,0.0487361259361176
1167,1166,0.20744066397357713
1167,1235,0.08911944697884877
1168,1169,0.028045630443866133
1168,1167,0.0487361259361176
1168,1233,0.16230515623376696
1169,1168,0.028045630443866133
1170,1233,0.07309908119744726
1171,1146,0.06891582893233475
1172,6,0.03333440539584985
1172,1175,0.06673650871627748
1172,1173,0.0754325878707639
1173,1172,0.07543258787076389
1174,1175,0.17719151886913867
1174,1176,0.06053979038244074
1174,1177,0.20968826807564148
1175,1172,0.06673650871627748
1175,1183,0.16391691331996566
1175,1174,0.1771915188691387
1176,1174,0.06053979038244074
1177,1174,0.20968826807564145
1178,1179,0.18035367119148696
1179,1180,0.0831125903581507
1179,1178,0.18035367119148696
1179,1181,0.2350297347323497
1180,1181,0.14404640831447227
1180,1179,0.0831125903581507
1180,1186,0.21363299199131894
1181,1180,0.14404640831447227
1181,810,0.0661784498640155
1181,1179,0.2350297347323497
1182,1183,0.06745061077158952
1182,1184,0.09006828517498812
1182,1184,0.1865983703863492
1183,810,0.08498927322827027
1183,1182,0.06745061077158952
1183,1175,0.16391691331996566
1184,1185,0.030018975892773872
1184,1182,0.09006828517498812
1184,1182,0.1865983703863492
1185,1184,0.030018975892773872
1186,809,0.27580806686552173
1186,1180,0.21363299199131894
1186,1187,0.3219244481222599
1187,1188,0.07103372734642999
1187,1186,0.32192444812225995
1187,1190,0.03930977717589031
1188,1192,0.03727676924891227
1188,1189,0.02399685994647114
1188,1187,0.07103372734642997
1189,1188,0.02399685994647114
1190,1191,0.5621086504556697
1190,1187,0.03930977717589031
1190,1192,0.06705132636255401
1191,1850,0.1214763589173623
1191,1190,0.5621086504556697
1192,1188,0.03727676924891227
1192,1190,0.06705132636255401
1192,1193,0.1137618815015923
1193,1192,0.1137618815015923
1194,1196,0.07557360361310606
1194,1196,0.21404288244701286
1194,105,0.22904738545273637
1195,1196,0.02598903581111548
1196,1194,0.07557360361310606
1196,1194,0.21404288244701286
1196,1195,0.02598903581111548
1197,1198,0.1542870726026794
1198,1197,0.1542870726026794
1199,103,0.14050467219797091
1200,1203,0.08528481644284479
1200,1201,0.46392397343962094
1200,1202,0.18330569243769662
1201,105,0.09970075939412955
1201,1200,0.4639239734396209
1202,1200,0.1833056924376966
1203,1200,0.08528481644284479
1204,1205,0.71027315748065
1204,1625,0.14030865507748805
1204,1624,0.3229324710994141
1205,1797,0.0570737714401735
1205,1667,0.32102840663012533
1205,1204,0.71027315748065
1206,1211,0.0243487206659313
1206,1207,0.1575338742053948
1206,1210,0.43426692978305154
1206,1212,0.21907584356361098
1207,1208,0.35677216276750234
1207,1206,0.1575338742053948
1207,1209,0.033088279988984774
1208,72,0.12892432809641197
1208,1850,0.00799655442845084
1208,1207,0.35677216276750234
1209,1207,0.033088279988984774
1210,1206,0.43426692978305154
1211,1206,0.0243487206659313
1212,1213,0.22067686571233253
1212,1206,0.219075843563611
1212,1216,0.0870140922171409
1213,1214,0.3397371936548913
1213,1212,0.22067686571233258
1213,1217,0.4236559460784231
1214,1717,0.020167795952896143
1214,1215,0.02564487145265697
1214,1213,0.33973719365489125
1215,1214,0.02564487145265697
1215,1639,0.3548338016689895
1215,1717,0.027570125184729177
1216,1212,0.0870140922171409
1217,1218,0.16963121437287634
1217,1213,0.42365594607842316
1217,1219,0.20100652814373884
1218,1219,0.05757365067489028
1218,1217,0.16963121437287634
1218,1237,0.05864798894483235
1219,1218,0.05757365067489028
1219,1217,0.20100652814373887
1219,1638,0.08753665260456879
1220,72,0.19886555292552074
1221,808,0.05255883376409701
1222,1223,0.04260611499502265
1222,1228,0.04674621171386969
1222,1229,0.043233200631546224
1223,1222,0.04260611499502265
1223,1225,0.044767892817943473
1223,1224,0.13214070868590602
1224,1226,0.05138130673939647
1224,808,0.14056257775903627
1224,1223,0.13214070868590602
1225,1226,0.13399033242207742
1225,1223,0.044767892817943473
1225,1227,0.1792574690303926
1226,1224,0.05138130673939647
1226,1227,0.04519859161184173
1226,1225,0.13399033242207742
1227,1226,0.04519859161184173
1227,809,0.04895702300408406
1227,1225,0.1792574690303926
1228,1222,0.04674621171386969
1229,1222,0.043233200631546224
1229,1230,0.11100852591122316
1229,1231,0.03873902310486771
1230,1229,0.11100852591122316
1231,1229,0.03873902310486771
1232,809,0.031698117342138045
1233,1170,0.07309908119744726
1233,1234,0.04947476290052551
1233,1168,0.16230515623376696
1234,1235,0.14106688227930686
1234,1235,0.10569075897747775
1234,1233,0.04947476290052551
1235,1167,0.08911944697884877
1235,1234,0.14106688227930686
1235,1234,0.10569075897747775
1236,828,0.19837186951264835
1236,827,0.10584819567565924
1236,1142,0.2136941946166715
1237,1218,0.05864798894483234
1238,783,0.04093305292427399
1238,1239,0.09503826345916361
1238,1779,0.09550999785526121
1238,784,0.04466600862209255
1239,1238,0.09503826345916361
1240,1241,0.8482450942773088
1240,1248,0.37678064800169847
1240,1245,0.49329501074795445
1241,1242,0.15533510938338357
1241,1240,0.8482450942773088
1241,1244,0.06403256263164436
1242,822,0.05793987814040429
1242,1241,0.15533510938338357
1242,1243,0.08948646647711239
1243,1242,0.08948646647711239
1244,1241,0.06403256263164436
1245,1248,0.2230710329762193
1245,1240,0.4932950107479544
1245,1864,0.06625226066175108
1246,1247,0.05528535458233797
1246,1248,0.6478280798333478
1246,1249,0.921275436963056
1247,1246,0.05528535458233797
1247,158,0.2713911941198692
1247,1790,0.8019439500234036
1248,1240,0.3767806480016985
1248,1245,0.22307103297621927
1248,1246,0.6478280798333478
1249,1246,0.9212754369630561
1250,828,0.11922077353180743
1250,220,0.1453359013951167
1250,1251,0.12559859764628117
1251,1250,0.1255985976462812
1252,1253,0.24840341301384827
1252,220,0.13625670243686977
1252,1255,0.3651716459653839
1253,1252,0.24840341301384827
1254,1095,0.023706269752600116
1255,1252,0.36517164596538393
1255,222,0.04159264079809912
1255,1095,0.25580008750986694
1256,1257,0.5701346970131876
1256,1617,0.6817504041510588
1256,1258,0.27764600229928527
1257,218,0.9264974944526371
1257,1256,0.5701346970131876
1257,1260,0.055391845083895504
1257,1259,0.12965938120774376
1258,1259,0.26862459138956357
1258,1256,0.27764600229928527
1258,1261,0.051419777565933404
1259,1257,0.12965938120774376
1259,1258,0.26862459138956346
1259,1596,0.0668419613620799
1260,1257,0.055391845083895504
1261,1258,0.051419777565933404
1262,1269,0.057379554461231816
1263,1266,0.0560145237118522
1263,1265,0.04110234813634389
1263,1269,0.04442655741117342
1264,1265,0.15373680077705387
1264,1266,0.06502318273933513
1264,823,0.09972834217967579
1265,1865,0.10606983900487053
1265,1263,0.04110234813634389
1265,1264,0.15373680077705387
1266,1263,0.0560145237118522
1266,823,0.03698572172713111
1266,1264,0.06502318273933513
1267,1105,0.08810078575334797
1267,1270,0.046561906219285805
1267,1273,0.05502725655476514
1267,656,0.4004202308489927
1268,1271,0.09992643597751513
1268,1269,0.04863774615707074
1268,1270,0.00818146442566589
1269,1263,0.04442655741117342
1269,1262,0.057379554461231816
1269,1268,0.04863774615707074
1270,1274,0.06863100228055544
1270,1268,0.00818146442566589
1270,1267,0.046561906219285805
1271,1106,0.10594728990432652
1271,1105,0.06172717477483617
1271,1268,0.09992643597751513
1272,1105,0.17004486096889532
1273,1267,0.05502725655476514
1274,1270,0.06863100228055544
1275,1276,0.08075367063308574
1276,1277,0.0658668783540306
1276,1904,0.1214197053902447
1276,1275,0.08075367063308574
1277,1276,0.0658668783540306
1277,806,0.09178128660334717
1277,1278,0.11837015191132809
1278,1277,0.11837015191132809
1278,1280,0.059692947186557946
1278,1281,0.18160322677370228
1279,1282,0.10695993648093413
1279,1280,0.16732629928451986
1279,1283,0.04594710488832033
1280,1278,0.059692947186557946
1280,1279,0.16732629928451986
1280,1281,0.14390842195164202
1281,1280,0.14390842195164202
1281,1278,0.18160322677370228
1281,1916,0.10451993510290124
1282,1916,0.03699115471586494
1282,1284,0.044334868993790695
1282,1279,0.10695993648093413
1283,1781,0.055953130965552114
1283,1279,0.04594710488832033
1283,1284,0.10442913415353877
1284,1285,0.010366042985010879
1284,1282,0.044334868993790695
1284,1283,0.10442913415353877
1285,1284,0.010366042985010879
1286,806,0.280786506084261
1286,70,0.3492165288252836
1286,1287,0.1545822656021325
1287,1286,0.1545822656021325
1288,1316,0.0939160546384538
1288,1290,0.07915331280204142
1288,1289,0.0888828975109613
1289,1288,0.0888828975109613
1289,1658,0.07468573552935548
1289,1657,0.15459020635940696
1290,1318,0.06577291788570332
1290,1318,0.3180931595373056
1290,1288,0.07915331280204142
1291,1292,0.14948610907693832
1291,1930,0.30416971740405835
1291,1928,0.13154984183761587
1292,1580,0.060304596497474015
1292,1293,0.11619561277083337
1292,1291,0.14948610907693832
1293,1294,0.0477445897642712
1293,1292,0.11619561277083337
1293,1580,0.1727244417062659
1294,1295,0.1950537909033874
1294,1293,0.0477445897642712
1294,1575,0.09085713638117701
1295,1583,0.25660626514190193
1295,1294,0.19505379090338743
1296,1304,0.09986394373016996
1296,1297,0.183564564682889
1296,1313,0.09167446661517718
1297,1296,0.183564564682889
1298,1299,0.08167278899545963
1298,104,0.26229856003391266
1299,1298,0.08167278899545963
1299,1300,0.13418098893599748
1299,1302,0.08006849381695022
1300,1301,0.0931765589232378
1300,1301,0.25879052395315943
1300,1299,0.13418098893599748
1301,1314,0.02897909041983257
1301,1300,0.0931765589232378
1301,1300,0.25879052395315943
1302,1299,0.08006849381695022
1303,1298,0.06276761261207484
1303,1304,0.15708492746620692
1304,1303,0.15708492746620692
1304,1305,0.09779199856876727
1304,1296,0.09986394373016998
1305,1303,0.06680953366747112
1305,1304,0.09779199856876727
1306,1853,0.05403082128437747
1306,1888,0.06223449929496308
1307,1888,0.20297849473780605
1308,1852,0.008002938436732023
1308,7,0.46792586937482544
1308,1309,0.630376971696201
1309,1310,0.09284361734829764
1309,1308,0.6303769716962012
1309,1651,0.27982873210931253
1310,1311,0.031881136395268475
1310,1309,0.09284361734829764
1310,1777,0.046377159731556754
1311,1310,0.031881136395268475
1311,782,0.1262526244525451
1311,1652,0.044622018659726065
1312,780,0.03843295072655024
1313,1296,0.09167446661517718
1314,1301,0.02897909041983257
1315,1305,0.16986248621613761
1315,1316,0.19147104555971675
1316,1288,0.0939160546384538
1316,1317,0.11045184572664625
1316,1315,0.19147104555971675
1317,1327,0.0618332528868215
1317,1316,0.11045184572664625
1317,1328,0.2312119535197785
1318,1319,0.07472589669169288
1318,1290,0.06577291788570332
1318,1290,0.3180931595373056
1319,1322,0.01787887916531637
1319,1320,0.11132079699167809
1319,1318,0.07472589669169288
1320,1321,0.017184832451566896
1320,1319,0.11132079699167809
1320,1323,0.12800078024749792
1321,1320,0.017184832451566896
1322,1323,0.016042861611287974
1322,1319,0.01787887916531637
1322,1325,0.05577071769230375
1323,1322,0.016042861611287974
1323,1324,0.1811709655639159
1323,1320,0.1280007802474979
1324,1323,0.1811709655639159
1325,1333,0.06451566355432126
1325,1326,0.0995127297666869
1325,1322,0.05577071769230375
1326,1327,0.05080861982380611
1326,1330,0.07725991135878187
1326,1325,0.0995127297666869
1327,1317,0.0618332528868215
1327,1326,0.05080861982380611
1327,1332,0.08614351620296239
1328,1329,0.4184681421897993
1328,1317,0.2312119535197785
1328,1337,0.06619913022164207
1329,1328,0.4184681421897992
1330,1326,0.07725991135878187
1330,1332,0.0534915612534979
1330,1331,0.051586472505935274
1331,1335,0.02292806584543488
1331,1330,0.051586472505935274
1331,1333,0.04728701753139743
1332,1330,0.0534915612534979
1332,1327,0.08614351620296239
1332,1716,1.7031464627858288
1333,1334,0.026852481198817175
1333,1325,0.06451566355432126
1333,1331,0.04728701753139743
1333,1336,0.25019448405481665
1334,1333,0.026852481198817175
1335,1331,0.02292806584543488
1336,1333,0.25019448405481665
1337,1328,0.06619913022164207
1338,1339,0.09753429442962823
1338,1462,0.06246663445945707
1338,1551,0.07567636553865677
1339,1338,0.09753429442962823
1340,1773,0.3359202876987197
1340,1341,0.48054947370877776
1340,1342,0.4421674107457596
1341,1340,0.4805494737087778
1342,1343,0.3137962365987882
1342,1340,0.44216741074575966
1342,1398,0.02764578930164801
1343,1391,0.7480586679659211
1343,1342,0.3137962365987882
1344,48,0.23592669174844685
1344,1345,0.035394634564298054
1344,1349,0.2325461336103875
1345,1344,0.035394634564298054
1346,1725,0.6284426948371226
1347,1356,0.02584917916247816
1347,1351,0.7716931367955677
1347,1352,0.12236705784379967
1348,1358,0.06409284625840084
1348,1889,0.0917292486730322
1348,1357,0.19691105224339275
1349,1344,0.23254613361038753
1349,1358,0.3043687354435684
1349,1360,0.47061813655489965
1350,1351,0.7583297241236698
1351,1347,0.7716931367955678
1351,1725,0.10789259987264774
1351,1350,0.7583297241236697
1352,1347,0.12236705784379967
1353,1356,0.8070826621558319
1353,1355,0.10036224045311426
1353,1359,0.2199239561719043
1354,1359,0.0702976646139366
1355,1353,0.10036224045311426
1356,1347,0.02584917916247816
1356,1889,0.24644261226453892
1356,1353,0.8070826621558318
1357,1348,0.19691105224339275
1358,1348,0.06409284625840084
1358,1349,0.3043687354435684
1358,1359,0.6777043124268982
1359,1353,0.2199239561719043
1359,1354,0.0702976646139366
1359,1358,0.6777043124268983
1360,1349,0.47061813655489976
1361,158,0.04759798984758775
1361,1849,0.08110311558846933
1361,49,0.49174906200742974
1362,1363,0.1942818875140883
1362,51,0.2684965753406378
1362,1364,0.18663283400365718
1363,1362,0.1942818875140883
1364,1362,0.18663283400365718
1365,51,0.3050782700346337
1365,1369,0.14248940457135362
1365,1366,0.04852948165517754
1366,1365,0.048529481655177543
1367,1368,0.060052364597693614
1368,1369,0.11289141513402927
1368,1367,0.060052364597693614
1368,1370,0.27480958316919407
1369,1365,0.14248940457135365
1369,52,0.09191737099017858
1369,1368,0.11289141513402927
1370,1368,0.27480958316919407
1371,1372,0.05751533049243549
1372,1373,0.11332681756126797
1372,1371,0.05751533049243549
1372,1376,0.13139840755197726
1373,52,0.301176389700283
1373,63,1.1289717409964883
1373,1374,0.08618635780464998
1373,1372,0.11332681756126797
1374,1373,0.08618635780464998
1375,52,0.07997259750556546
1376,1372,0.13139840755197726
1376,1377,0.06550910890460296
1376,1379,0.380141490953864
1377,1376,0.06550910890460296
1378,1379,0.30282103984928416
1379,1376,0.380141490953864
1379,1378,0.30282103984928416
1379,1380,0.39200375695787376
1380,1379,0.3920037569578739
1381,850,0.15707928252422249
1381,851,0.18070434374887537
1381,844,0.6354809125883304
1382,1383,0.011322828933602607
1382,1384,0.051909228221449
1382,1385,0.20308184565693613
1383,1382,0.011322828933602607
1383,50,0.17878305297212949
1383,1386,0.09491647908643455
1384,1382,0.05190922822144899
1385,1382,0.20308184565693613
1385,1389,0.09578917572660572
1385,1408,0.12778824357968532
1386,1383,0.09491647908643455
1387,1388,0.06938095553083352
1387,1390,0.1427111782384296
1387,1389,0.0790270404957898
1388,1387,0.06938095553083352
1389,1390,0.05889617897044943
1389,1385,0.09578917572660572
1389,1387,0.0790270404957898
1390,1387,0.1427111782384296
1390,1389,0.05889617897044942
1390,1407,0.6037080849772131
1391,1392,0.26009812830985424
1391,1343,0.748058667965921
1392,1393,0.0846299944597199
1392,1391,0.26009812830985424
1393,1394,0.65909154510481
1393,1392,0.0846299944597199
1393,1399,0.5399818235507077
1394,1393,0.65909154510481
1395,799,0.1096754816073398
1396,1397,0.026250863456329262
1397,1396,0.026250863456329262
1397,1773,0.03595403977521649
1397,799,0.3455496479289218
1398,1342,0.027645789301648013
1399,1725,1.1655455871436586
1399,1400,0.1612040993644885
1399,1393,0.5399818235507078
1400,1404,0.3003365790529496
1400,1399,0.1612040993644885
1400,1401,0.04575563031713783
1401,1400,0.04575563031713783
1402,1403,0.18558346499409398
1403,1404,0.015807685743980997
1403,1402,0.18558346499409395
1403,1406,0.052755840838726226
1404,1403,0.015807685743980997
1404,1400,0.3003365790529496
1405,1516,0.04759814362472639
1405,1801,0.057734980257197116
1406,1403,0.052755840838726226
1407,1390,0.6037080849772131
1408,1385,0.12778824357968532
1409,1410,0.07303143727821669
1409,1414,0.06382899616654696
1409,1417,0.06547526262135761
1410,1411,0.02398187956485929
1410,1409,0.07303143727821669
1410,1417,0.06747189298165654
1411,1410,0.02398187956485929
1411,61,0.11794935326664899
1411,34,0.1841420993063114
1412,1413,0.03639112178517653
1412,1414,0.015699036141285434
1412,1416,0.03529121705228508
1413,1412,0.03639112178517653
1413,1006,0.1191989024407536
1413,35,0.15498054046975832
1414,1415,0.026041927166277394
1414,1412,0.015699036141285434
1414,1409,0.06382899616654696
1415,1414,0.026041927166277394
1416,1412,0.03529121705228508
1417,1410,0.06747189298165654
1417,1409,0.06547526262135762
1417,61,0.05863148627975198
1418,771,0.10305761478022149
1418,1418,0.3011769236547253
1418,1418,0.30117692365472537
1419,1420,0.1647373052709108
1420,36,0.3892318509470347
1420,35,0.20983789668401479
1420,1419,0.1647373052709108
1421,1422,0.015316677903995367
1421,1421,0.2991899602476218
1421,1421,0.2991899602476218
1422,1421,0.015316677903995367
1422,1443,0.12342345661436771
1422,1469,0.09556934008163612
1423,1466,0.05719096241076859
1423,1465,0.09216851568414021
1423,1467,0.11975598578640466
1424,1453,0.0643844634279289
1424,1425,0.1891686948709378
1424,1454,0.1885859820308619
1425,1426,0.1807388458829057
1425,1424,0.18916869487093782
1425,1451,0.07577964087163325
1426,772,0.1382404695832809
1426,773,0.1997114748401711
1426,1429,0.15248452917037716
1426,1425,0.1807388458829057
1427,1429,0.04406419361133324
1427,1432,0.06094219131875375
1427,1431,0.06850440687745203
1428,1429,0.12843837496160446
1429,1427,0.04406419361133324
1429,1428,0.12843837496160446
1429,1426,0.1524845291703772
1429,1430,0.05558425097920693
1430,1429,0.05558425097920693
1431,1427,0.06850440687745203
1432,1427,0.06094219131875375
1433,1434,0.04521620795130942
1433,1440,0.052070532793619624
1433,773,0.05588933817834121
1433,1438,0.08576341338315314
1434,1435,0.04753986944666347
1434,1433,0.04521620795130942
1434,1438,0.0528091708168774
1434,1439,0.07568613540759293
1435,1434,0.04753986944666347
1435,1441,0.08680494762691757
1435,1438,0.12318519165596081
1436,773,0.026796539480640112
1436,1437,0.030132401220556715
1436,1444,0.11898898676935492
1437,1436,0.030132401220556715
1437,1874,0.16583042277675247
1437,1876,0.11546851430314066
1438,1434,0.0528091708168774
1438,1433,0.08576341338315314
1438,1435,0.12318519165596081
1439,1434,0.07568613540759293
1440,1433,0.052070532793619624
1441,1435,0.08680494762691757
1442,1443,0.1662002132936471
1443,1444,0.020570503983467953
1443,1422,0.12342345661436772
1443,1442,0.1662002132936471
1444,1443,0.020570503983467953
1444,1448,0.024104200655825248
1444,1436,0.1189889867693549
1445,1448,0.04316978883611853
1446,1447,0.033959405410433456
1447,1448,0.09567052124847734
1447,1446,0.033959405410433456
1447,1449,0.15195834227365618
1448,1444,0.024104200655825248
1448,1445,0.04316978883611853
1448,1447,0.09567052124847734
1449,1447,0.15195834227365615
1450,1452,0.024463702470407925
1450,1451,0.07280698286284976
1450,1451,0.12066573976448146
1451,1425,0.07577964087163325
1451,1450,0.07280698286284976
1451,1450,0.12066573976448147
1452,1450,0.024463702470407925
1453,1424,0.0643844634279289
1454,1455,0.050024534610629126
1454,1424,0.1885859820308619
1454,774,0.047428859890599126
1455,1456,0.05027537966597209
1455,1454,0.050024534610629126
1455,1458,0.14905925080714855
1456,1457,0.08107521077703067
1456,1455,0.05027537966597209
1456,1459,0.08909290503823404
1457,1456,0.08107521077703067
1458,1455,0.14905925080714855
1459,1456,0.08909290503823404
1460,1461,0.053954302630535154
1460,1465,0.12053821804635524
1461,1462,0.06471002496892221
1461,1460,0.053954302630535154
1461,1552,0.07206272776591968
1462,1461,0.06471002496892221
1462,1463,0.1338455260869608
1462,1338,0.06246663445945707
1463,1469,0.0851014148723416
1463,1462,0.1338455260869608
1463,1464,0.23100856942572034
1464,1463,0.23100856942572032
1465,1466,0.07762762627009229
1465,1460,0.12053821804635523
1465,1423,0.09216851568414021
1466,1467,0.049187754397810576
1466,1465,0.07762762627009229
1466,1423,0.05719096241076859
1467,1466,0.049187754397810576
1467,1468,0.11582139845360737
1467,1423,0.11975598578640466
1468,1472,0.044558826156019055
1468,1469,0.12883242667451164
1468,1467,0.11582139845360737
1469,1470,0.03552684408918336
1469,1422,0.09556934008163612
1469,1463,0.08510141487234162
1469,1468,0.12883242667451164
1470,1471,0.05857296799521901
1470,1469,0.03552684408918336
1470,1553,0.06757404399486035
1471,1470,0.05857296799521901
1472,1468,0.044558826156019055
1472,1473,0.19525460971266329
1472,1473,0.12002930926310904
1473,1472,0.19525460971266323
1473,1472,0.12002930926310904
1474,55,0.7471278792230615
1474,38,0.8725968459001562
1474,1475,0.20392227545656752
1475,1474,0.20392227545656752
1476,55,0.25026244014062854
1477,1478,0.15277182300007378
1478,54,0.2293134370615129
1478,55,0.13548924324592812
1478,1477,0.1527718230000738
1479,64,0.13093873812338933
1480,1801,0.3234949368286887
1480,64,0.21234184780591253
1480,1515,0.21247242709003486
1481,159,0.007622030706781589
1481,817,0.0072302501037831745
1481,1482,0.4644555415534447
1482,1481,0.46445554155344465
1483,1484,0.05304663960950108
1484,1483,0.05304663960950108
1484,159,0.3286219335641992
1484,1485,0.10182675074165623
1485,1486,0.024419697459184753
1485,1484,0.10182675074165622
1485,216,0.0898462200078938
1485,1490,0.4034249542886486
1486,1485,0.024419697459184753
1486,1487,0.13818537236443407
1486,1488,0.08252637357396338
1487,1486,0.13818537236443407
1488,1486,0.08252637357396336
1489,216,0.0735616701487528
1490,1485,0.40342495428864855
1491,1492,0.07882771924696659
1491,216,0.7174292883859615
1491,1494,0.2668478779560769
1492,1493,0.09882820679324224
1492,1491,0.07882771924696659
1492,1495,0.25505562871397136
1493,1492,0.09882820679324224
1494,1491,0.26684787795607695
1495,1492,0.2550556287139714
1496,1866,0.4321629466934597
1496,1499,0.15671123331378475
1496,1497,0.1687144810589072
1497,1496,0.1687144810589072
1498,1500,0.06538571729355705
1498,1499,0.048713951423345135
1498,1501,0.036323967545460446
1499,1496,0.15671123331378475
1499,1510,0.18248778695123632
1499,1498,0.048713951423345135
1500,1498,0.06538571729355705
1501,1502,0.030123964462897376
1501,1498,0.036323967545460446
1501,1504,0.10515075860019843
1502,1501,0.030123964462897376
1502,1503,0.09288954417102137
1502,1505,0.06098782427611799
1503,1502,0.09288954417102137
1503,1510,0.06663510427197436
1503,1800,0.07268402300812131
1504,1501,0.10515075860019843
1505,1502,0.06098782427611799
1506,1510,0.02209624531011387
1506,1507,0.017323960663930996
1506,1508,0.053916390214759004
1507,1510,0.018692683403112302
1507,1798,0.04573145549043265
1507,1506,0.017323960663930996
1508,1509,0.04036531487240263
1508,1506,0.053916390214759004
1508,1511,0.1973857206846618
1509,1508,0.04036531487240263
1510,1506,0.02209624531011387
1510,1499,0.18248778695123632
1510,1507,0.018692683403112302
1510,1503,0.06663510427197436
1511,1508,0.19738572068466176
1512,40,0.21556933277620136
1513,1514,0.10138857016563159
1514,40,1.3369427163430623
1514,37,0.7843000904836065
1514,1513,0.10138857016563159
1515,1480,0.21247242709003486
1516,1405,0.04759814362472639
1516,1517,0.5386000845277096
1517,1516,0.5386000845277096
1518,1869,0.2799604063715265
1518,88,0.12341817961927015
1518,1519,0.4217466672080813
1519,1518,0.4217466672080813
1520,88,0.2586674057341086
1521,87,0.039747770672995744
1521,205,0.14467284496412403
1521,1522,0.07999950785275922
1522,1521,0.07999950785275922
1523,274,0.15840247424834764
1524,200,0.01307560277711661
1524,199,0.011969447801650528
1524,192,0.12027713989542375
1524,1881,0.26517583873855244
1525,265,0.04238363946793483
1526,185,0.0892230971739634
1526,1527,0.06586204628077796
1526,1527,0.33517228284674794
1527,1528,0.064562594161068
1527,1526,0.06586204628077796
1527,1526,0.33517228284674794
1528,1527,0.064562594161068
1529,203,0.3079571609699487
1529,1530,0.24318676963334612
1530,1529,0.24318676963334612
1531,208,0.1796117595261273
1532,208,0.06822362261929617
1533,791,0.14172782635670875
1533,1537,0.3348020338325874
1533,1534,0.25938744691848054
1534,1533,0.25938744691848054
1534,1537,0.0918246024119136
1534,792,0.28415054624298985
1535,1536,0.10592029882875387
1536,1539,0.07321449153864988
1536,1535,0.10592029882875387
1536,1538,0.2318655722944556
1537,1533,0.3348020338325874
1537,1539,0.10157813625073422
1537,1534,0.0918246024119136
1538,1539,0.1550976591334475
1538,1540,0.04121180974089385
1538,1536,0.2318655722944556
1539,1538,0.1550976591334475
1539,1537,0.10157813625073422
1539,1536,0.07321449153864988
1540,1538,0.04121180974089385
1541,1544,0.06402501314132154
1541,775,0.07037478817390291
1541,1545,0.09549616552931864
1542,1543,0.055387229826154946
1542,775,0.26456182498195363
1542,1547,0.06759618900428069
1543,1542,0.055387229826154946
1544,774,0.1392438027115208
1544,1541,0.06402501314132154
1544,1545,0.14570924736414995
1545,1546,0.039352137336565216
1545,1544,0.14570924736414995
1545,1541,0.09549616552931864
1546,1545,0.039352137336565216
1547,1548,0.025261055270694947
1547,1746,0.0378738212824352
1547,1542,0.06759618900428069
1548,1547,0.025261055270694947
1548,1747,0.04773433634795473
1548,1549,0.04679518077679181
1549,1548,0.04679518077679181
1550,1551,0.12704234780687354
1550,1550,0.1503330992497372
1550,1550,0.15033309924973723
1551,774,0.009536227689259304
1551,1338,0.07567636553865677
1551,1550,0.12704234780687354
1552,1461,0.07206272776591968
1553,1470,0.06757404399486035
1554,183,0.01991071041386674
1554,185,0.09268960350732408
1554,1555,0.24673646209735225
1555,182,0.04422298753994935
1555,183,0.03999744618740854
1555,1554,0.24673646209735225
1556,1557,0.05752749513329441
1556,281,0.41694518917252943
1556,28,0.17827703984497198
1557,1556,0.05752749513329441
1558,1563,0.1061348228134967
1558,30,0.05106869194175866
1558,1559,0.19329755268249116
1558,1561,0.05794106838059288
1559,1561,0.04959169351112764
1559,1560,0.09799537678239809
1559,1558,0.19329755268249119
1560,1559,0.09799537678239809
1561,1559,0.04959169351112764
1561,1558,0.05794106838059288
1561,1562,0.08057707546091782
1562,1561,0.0805770754609178
1563,1558,0.1061348228134967
1564,1565,0.10239781738581011
1565,579,0.02785273158859413
1565,30,0.2081418883530274
1565,1564,0.10239781738581011
1566,573,0.0137036184802869
1566,575,0.15141647871465008
1566,578,0.5069637157189884
1567,1569,0.06033312908120082
1567,588,0.04170381147580461
1567,1568,0.1919054385368466
1568,525,0.16060959531616834
1568,519,0.06136859476443166
1568,1567,0.1919054385368466
1569,1571,0.01863862882274412
1569,1608,0.09780544320777568
1569,1567,0.06033312908120082
1570,1571,0.13060042230866997
1571,522,0.054044036532630034
1571,1569,0.01863862882274412
1571,1570,0.13060042230866997
1572,522,0.06230202656770682
1572,598,0.2894896262349975
1572,1573,0.21346342634805401
1573,597,0.34777318517823763
1573,598,0.1211779704776518
1573,1572,0.21346342634805404
1574,1811,0.15285374031702315
1575,1294,0.09085713638117703
1575,1576,0.05791016579830525
1575,1577,0.0722288642478363
1576,1575,0.05791016579830525
1577,1578,0.06427599985169963
1577,1575,0.0722288642478363
1577,1579,0.14386892765337236
1578,1577,0.06427599985169963
1579,1577,0.1438689276533724
1580,1292,0.060304596497474015
1580,1581,0.09110973142733644
1580,1293,0.1727244417062659
1581,1580,0.09110973142733644
1582,1583,0.0748749054008763
1582,1786,0.07229960053359845
1582,1789,0.21701643980954177
1583,1852,0.12612596116636166
1583,1582,0.0748749054008763
1584,1812,0.018737918461359238
1584,1585,0.21578708961916263
1584,19,0.12787059238557827
1585,20,0.010634758131445404
1585,1586,0.1151812987475018
1585,1584,0.21578708961916265
1586,1585,0.1151812987475018
1587,606,0.06919707874536535
1587,1588,0.05212418885602424
1587,608,0.0305901245659028
1588,1587,0.05212418885602424
1588,1588,0.2627090127728141
1588,1588,0.2627090127728141
1589,1590,0.11277529459248216
1590,506,0.04707119827519291
1590,1591,0.036247985106908305
1590,1589,0.11277529459248216
1590,1592,0.050888135004512634
1591,1590,0.036247985106908305
1592,1590,0.050888135004512634
1593,1594,0.054825011813557825
1594,505,0.06490402241105048
1594,506,0.07303018094045596
1594,1593,0.054825011813557825
1595,222,0.30831906045118423
1596,1259,0.0668419613620799
1597,505,0.17321970264524855
1597,504,0.16889018728703706
1597,121,0.1320322807053163
1598,1601,0.0665269499920917
1598,1599,0.14197839747348862
1598,1600,0.26593051158828857
1599,1600,0.13655319996372303
1599,18,0.22771166964104148
1599,120,0.06249868016306037
1599,1598,0.14197839747348862
1600,17,0.15887760494470682
1600,1599,0.13655319996372303
1600,1598,0.26593051158828857
1601,1598,0.0665269499920917
1602,738,0.15424352671256897
1603,508,0.06354850055329228
1603,739,0.316802252181229
1603,738,0.5185548179982643
1604,745,0.02429011278878297
1604,516,0.07987726887890093
1604,1605,0.08799106979950444
1605,516,0.04484647732055298
1605,527,0.08199652415232435
1605,1604,0.08799106979950444
1606,1607,0.08797126883054236
1607,19,0.3314811958019177
1607,18,0.2554684450202523
1607,1606,0.08797126883054236
1608,1569,0.09780544320777568
1609,1610,0.07184863859218252
1610,1611,0.04937533419155338
1610,1609,0.07184863859218252
1611,1610,0.04937533419155338
1611,533,0.5293058977273422
1612,1613,0.06582858407258999
1612,1619,0.05497119736302411
1612,1162,1.7306873862755068
1613,878,0.05430199356507269
1613,1612,0.06582858407258999
1613,1614,0.21136100555303972
1614,1615,0.0933630314966383
1614,1613,0.21136100555303972
1614,1620,0.35520206909203816
1615,1616,0.06336588957463274
1615,1614,0.0933630314966383
1615,1621,0.10537666455046382
1616,1627,0.7118860336140043
1616,1615,0.06336588957463274
1616,1669,0.07661030013194604
1617,1256,0.6817504041510588
1617,1625,0.09462125993194972
1617,1670,0.2501759741665402
1618,1624,0.19948656684569027
1619,1612,0.05497119736302411
1619,1624,0.24249996272048208
1619,1624,0.19337120544188863
1620,1614,0.3552020690920382
1621,1615,0.10537666455046382
1622,1669,0.027124200512899297
1623,1669,0.04451141186519213
1624,1619,0.24249996272048208
1624,1619,0.19337120544188863
1624,1618,0.19948656684569024
1624,1204,0.3229324710994141
1625,1617,0.09462125993194972
1625,1204,0.14030865507748805
1625,1792,0.08471198440991068
1626,1776,0.1065934860506381
1627,1616,0.7118860336140043
1627,1139,0.1417890222980677
1627,1776,0.05579306641595189
1628,1629,0.12051483042308363
1629,781,0.19458575120012947
1629,1638,0.14376208489509731
1629,1628,0.12051483042308363
1630,1631,0.09540899799347587
1631,538,0.17368413581552744
1631,537,0.5066029801230726
1631,1630,0.09540899799347585
1632,1633,0.05813074189063082
1633,1632,0.05813074189063082
1633,521,0.11565215270435378
1633,581,0.19818291047353384
1634,590,0.027154658371478194
1634,1635,0.04864345163787205
1634,1636,0.057803099892367996
1635,1634,0.04864345163787205
1636,589,0.06925288232174082
1636,1637,0.05447069876081221
1636,1634,0.057803099892367996
1637,1636,0.05447069876081221
1638,1629,0.14376208489509731
1638,1653,0.1608282947198783
1638,1219,0.08753665260456879
1639,781,0.08369149695763224
1639,1215,0.35483380166898953
1639,1640,0.0961125963537165
1640,1639,0.0961125963537165
1641,757,0.04715113708971029
1641,657,0.2039848293614062
1641,1642,0.1582845208871518
1642,1641,0.1582845208871518
1643,881,0.12428752966741403
1644,1645,0.10587412652577619
1645,1646,0.7642640845032954
1645,1644,0.10587412652577619
1645,1647,0.10017623046284763
1646,834,0.5589454487232303
1646,1645,0.7642640845032954
1646,1648,0.2603688037353707
1647,1645,0.10017623046284763
1648,1646,0.2603688037353707
1649,833,0.25988298800323206
1650,1651,0.08920076745980847
1651,1654,0.05163661162943935
1651,1650,0.08920076745980848
1651,1309,0.2798287321093125
1652,783,0.007268851194265723
1652,1311,0.044622018659726065
1652,1672,0.15604937499439417
1653,1638,0.16082829471987828
1653,782,0.09663154826309736
1653,1671,0.1391799907478497
1654,782,0.01833354851206886
1654,1651,0.051636611629439354
1654,1778,0.08817644048889316
1655,1662,0.03865703207347939
1655,1656,0.17179077304364931
1655,1660,0.14336163092529203
1656,1855,0.010140665763583542
1656,1857,0.079504557419237
1656,1655,0.17179077304364931
1657,1315,0.04052135770145484
1657,1289,0.15459020635940696
1658,1289,0.07468573552935548
1659,1856,0.10761010184012032
1659,1759,0.31231586990467475
1660,1661,0.05224931569828734
1660,1655,0.14336163092529203
1660,1665,0.15151541277313618
1661,1660,0.05224931569828734
1662,1655,0.03865703207347939
1662,1664,0.06332696597940077
1662,1663,0.09475500952656239
1663,1662,0.09475500952656239
1664,1662,0.06332696597940077
1665,1660,0.15151541277313618
1666,1667,0.18650653533257378
1667,1796,0.10711882444847881
1667,1205,0.32102840663012533
1667,1666,0.18650653533257378
1668,1861,0.008383768693016857
1668,1844,0.10329299149782742
1668,1862,0.23758215751146883
1669,1622,0.027124200512899297
1669,1616,0.07661030013194604
1669,1623,0.04451141186519213
1670,1617,0.25017597416654014
1671,1653,0.13917999074784967
1672,1652,0.15604937499439417
1673,755,0.061875639726915156
1673,1674,0.3892750685509271
1673,1729,0.2488079754391877
1674,1673,0.38927506855092714
1675,1679,0.16245929417429603
1675,755,0.3423209345823786
1675,1676,0.3363598472330292
1676,1675,0.3363598472330292
1677,756,0.5144121630821564
1678,1679,0.07494747840625822
1679,756,0.3040104568528577
1679,1675,0.16245929417429603
1679,1678,0.07494747840625822
1680,1681,0.0498657595530246
1680,1682,0.02305097640920713
1680,1818,0.20555042098330065
1681,753,0.09743300449496789
1681,1680,0.0498657595530246
1681,754,0.10798051194588411
1682,1816,0.026196814725982273
1682,1820,0.11149019892812996
1682,1680,0.02305097640920713
1683,1818,0.18728433754846951
1683,715,0.07902888916992776
1683,1684,0.14757289548300112
1684,1683,0.14757289548300115
1685,715,0.18466378828959387
1686,1687,0.02486972257929166
1686,1891,0.06061206232159136
1686,1701,0.03570151789289036
1687,1688,0.015739769844722574
1687,1686,0.02486972257929166
1687,1692,0.1412525806373513
1688,1687,0.015739769844722574
1688,1689,0.06881116993572166
1688,1690,0.0974221821109514
1689,1692,0.09989000303479757
1689,1690,0.06189383142166215
1689,1688,0.06881116993572166
1690,1689,0.06189383142166215
1690,1699,0.036191225359061815
1690,1688,0.09742218211095141
1691,1692,0.06861265601987736
1691,1696,0.03124166992876689
1691,1695,0.06128531451075552
1692,1691,0.06861265601987736
1692,1689,0.09989000303479757
1692,1687,0.1412525806373513
1693,1694,0.08235053207591397
1693,1695,0.054115221148455704
1693,1698,0.16177690307288795
1694,1693,0.08235053207591397
1695,1691,0.06128531451075552
1695,1697,0.06250894609225759
1695,1693,0.054115221148455704
1696,1691,0.03124166992876689
1697,1695,0.06250894609225759
1698,1699,0.2944726249733227
1698,1693,0.16177690307288795
1698,1700,0.2829993277257987
1699,1690,0.036191225359061815
1699,1698,0.2944726249733227
1699,1899,0.5145469419028673
1700,1698,0.2829993277257987
1701,1686,0.03570151789289036
1702,1891,0.1878691085156572
1702,701,0.057718748910621384
1702,1703,0.06349398787074438
1703,1702,0.06349398787074438
1704,1705,0.037446691990558646
1704,700,0.04842671571067149
1704,1706,0.08537622640829078
1705,1704,0.037446691990558646
1705,1763,0.026278595209571598
1705,1726,0.06541367541877935
1706,1704,0.08537622640829078
1707,857,0.45325106807874915
1707,850,0.19159133495061714
1707,847,0.369755716474995
1708,1711,0.029815616800284953
1708,1756,0.07865871187717782
1708,1709,0.032524822721242526
1709,1764,0.07167773267619384
1709,1710,0.06700862126468192
1709,1708,0.032524822721242526
1710,701,0.06182221677969815
1710,1763,0.08083984457567846
1710,1709,0.06700862126468192
1711,1708,0.029815616800284953
1711,1755,0.023212810759255173
1711,1754,0.1076796369245405
1712,1713,0.11147766335967355
1713,780,0.4638231361954379
1713,1712,0.11147766335967355
1714,1715,0.5936399132529244
1715,1714,0.5936399132529245
1715,1717,0.4424928867818569
1716,1332,1.7031464627858286
1717,1214,0.020167795952896143
1717,1215,0.027570125184729177
1717,1715,0.442492886781857
1718,898,0.29554180750231784
1718,69,0.04145181813123886
1718,9,0.23610020797732495
1719,271,0.09092827702896963
1719,1720,0.07640685608628951
1719,1720,0.11907445987746718
1720,1721,0.028574338512334284
1720,1719,0.07640685608628951
1720,1719,0.11907445987746718
1721,1720,0.028574338512334284
1721,270,0.06989854136706487
1721,270,0.09695983778341317
1722,93,0.06897002177668479
1722,888,0.03504323478667762
1722,889,0.11386134760112025
1723,841,0.2240636551875632
1723,843,0.4568989971246546
1723,1724,0.33337057795723957
1724,842,0.1320760356038328
1724,841,0.03933080574087538
1724,1723,0.3333705779572396
1725,1351,0.10789259987264774
1725,1346,0.6284426948371227
1725,1399,1.1655455871436586
1726,700,0.01094795336540605
1726,1705,0.06541367541877935
1726,1727,0.08670062847623254
1727,1726,0.08670062847623254
1728,754,0.02221580155495538
1728,1729,0.10090277466773796
1728,755,0.248058692118299
1729,1728,0.10090277466773796
1729,1899,0.27654058707389984
1729,1673,0.2488079754391877
1730,14,0.17303159968331255
1731,800,0.08930406246603
1731,797,0.7146998895967317
1731,1732,0.2615334702552019
1732,1733,0.05504683867093816
1732,1734,0.08413592345567857
1732,1731,0.2615334702552019
1732,801,0.3967283736352398
1733,1732,0.05504683867093816
1734,1732,0.08413592345567857
1734,1740,0.17439777819104638
1734,1736,0.1418559977566035
1735,800,0.22000043149306103
1736,1734,0.1418559977566035
1736,1737,0.16306431380998493
1737,1736,0.16306431380998493
1738,1739,0.07379292073928467
1738,1743,0.28756695202629357
1739,1738,0.07379292073928467
1739,1741,0.08224605623657218
1739,1742,0.5329680630962285
1740,1734,0.17439777819104638
1741,1739,0.08224605623657218
1741,800,1.059874401945254
1742,1739,0.5329680630962285
1743,1738,0.28756695202629357
1744,791,0.035622535432966916
1744,792,0.08194778095524527
1744,1745,0.5337447672009092
1745,1744,0.5337447672009092
1746,1547,0.0378738212824352
1747,1548,0.04773433634795473
1748,1884,0.06247795565831942
1748,776,0.01816218800642474
1748,1749,0.08708020782529123
1749,1748,0.08708020782529124
1750,1751,0.039631896641704724
1751,772,0.021218326395804156
1751,1750,0.039631896641704724
1751,771,0.1515106241576676
1752,772,0.0940901351696345
1753,15,0.07040807774435706
1754,1711,0.1076796369245405
1754,1757,0.1775361549169683
1754,1763,0.13292181585393562
1755,1711,0.023212810759255173
1756,1708,0.07865871187717782
1757,1754,0.17753615491696828
1758,220,0.21395310606300685
1759,1659,0.31231586990467475
1760,701,0.15815828867810824
1761,700,0.20814308071264673
1761,1899,0.2622304613020838
1761,1762,0.1215335754048607
1761,701,0.19334089138566316
1762,1761,0.1215335754048607
1762,1765,0.1293564776416962
1762,700,0.11724802364676216
1763,1710,0.08083984457567846
1763,1705,0.026278595209571598
1763,1754,0.13292181585393562
1764,1709,0.07167773267619384
1765,1762,0.1293564776416962
1766,858,0.08918560089893551
1767,719,0.03494826364270557
1768,1769,0.08466262968696439
1768,1770,0.07416515752442451
1768,859,0.05244791536341736
1769,1768,0.08466262968696439
1769,1920,0.089156548582628
1769,1770,0.1610475082794216
1769,1919,0.17081355130531733
1770,858,0.26659564949513265
1770,1768,0.07416515752442451
1770,1769,0.1610475082794216
1771,802,0.2993700333450771
1772,1773,0.027209298738630396
1773,1772,0.027209298738630396
1773,1340,0.3359202876987197
1773,1397,0.03595403977521649
1774,802,0.023413593649424812
1775,1776,0.07114401600738318
1776,1626,0.1065934860506381
1776,1784,0.1271576539817517
1776,1775,0.07114401600738318
1776,1627,0.05579306641595189
1777,1310,0.046377159731556754
1778,1654,0.08817644048889316
1779,1238,0.09550999785526121
1780,1131,0.022253498193607606
1781,1283,0.055953130965552114
1782,879,0.046041546767734635
1782,1783,0.04669442806880541
1782,881,0.03815075664100889
1783,1782,0.04669442806880541
1784,1776,0.1271576539817517
1785,881,0.05773212870550297
1786,1582,0.07229960053359845
1787,1788,0.16038879648222834
1788,876,0.3094604863729591
1788,1787,0.16038879648222834
1789,1582,0.2170164398095418
1790,1791,0.043772686840852885
1790,1109,0.5204470172340243
1790,1247,0.8019439500234036
1791,1790,0.043772686840852885
1792,1625,0.08471198440991068
1793,1794,0.050374412697995787
1793,50,0.21532667271700762
1793,51,0.19349719136899746
1794,1793,0.050374412697995787
1795,872,0.028043127422483927
1796,1667,0.10711882444847881
1797,1205,0.0570737714401735
1798,1799,0.030963346660062382
1798,1507,0.04573145549043265
1798,40,0.13102969549117785
1799,1798,0.030963346660062382
1800,1503,0.07268402300812131
1801,1405,0.057734980257197116
1801,1480,0.32349493682868874
1801,1804,0.12987995279014689
1802,54,0.06044218999117169
1803,53,0.030974108165137827
1804,1801,0.12987995279014689
1805,11,0.051325842633928746
1805,234,0.4483027070145976
1806,372,0.11293097111271978
1807,34,0.017938926995954656
1807,830,0.054108186313780234
1807,547,0.19766453866274417
1808,223,0.3631438198554088
1808,224,0.07050557369237796
1808,468,0.06112961158171704
1809,9,0.07625753390858589
1810,587,0.10580501471808401
1811,1574,0.15285374031702315
1811,19,0.09774704032003646
1811,1812,0.14735388427638155
1812,1584,0.018737918461359238
1812,600,0.429065255692588
1812,1811,0.14735388427638157
1813,753,0.017963693413513792
1814,752,0.07837532067862592
1815,752,0.06896696479084065
1816,1682,0.026196814725982273
1816,1821,0.013970731666100465
1816,1817,0.029854819836382548
1817,1816,0.029854819836382544
1818,751,0.07406747510911253
1818,1683,0.18728433754846946
1818,1680,0.20555042098330062
1819,751,0.020738062068802618
1820,1682,0.11149019892812996
1821,1816,0.013970731666100465
1822,764,0.042827944662873464
1822,1823,0.04975816179722146
1822,757,0.07559046534128772
1823,1822,0.04975816179722146
1824,163,0.12505125966040817
1825,848,0.03871388252039095
1825,851,0.17944987941629875
1825,852,0.4601545472162696
1826,0,0.008985940650053877
1826,1836,0.2472690418483496
1827,22,0.24124867668793262
1827,25,1.2628140843213618
1828,1826,0.002712277580399176
1828,1827,0.3062270872980826
1829,1828,0.008957097114172733
1829,60,0.07903578092483744
1830,1,0.0046147040827674785
1830,496,0.05173451633465817
1830,1829,0.1516967310282879
1831,2,0.003997939206600284
1831,230,0.05674684407745967
1831,1830,0.09671146592994329
1832,460,0.0964062152408457
1832,459,0.005627889709476362
1832,1835,0.05560841809938342
1833,458,0.03044134196188073
1833,1832,0.3825992139215824
1834,73,0.13413851858323678
1834,8,0.0024155988177495227
1834,371,0.29802725644765893
1835,62,0.005437635494113357
1835,1831,0.16189592117244336
1836,1826,0.2472690418483496
1837,1845,0.3932654232728649
1837,439,0.01074785867624826
1837,1840,0.0943501184372134
1838,431,0.06024720295082198
1838,1840,0.06065280099868446
1838,1839,0.12076408772669422
1839,10,0.10112648628333525
1839,1838,0.12076408772669422
1840,1843,0.006403576373439192
1840,1838,0.06065280099868446
1840,1837,0.0943501184372134
1841,1843,0.054384245102523196
1842,439,0.005364666849441417
1842,435,0.09513126240405993
1842,1843,0.08811729278409096
1843,1841,0.054384245102523196
1843,1840,0.006403576373439192
1843,1842,0.08811729278409097
1844,71,0.00800444341143068
1844,1659,0.10530138548518463
1845,71,0.07307774976006769
1845,1837,0.39326542327286484
1845,1846,0.051194151423869086
1846,1861,0.023607490202304526
1847,47,0.034003776590122846
1847,819,0.0367914681844594
1847,818,0.08307560567748441
1848,1872,0.09380014521422111
1848,1849,0.07253732604963951
1849,1361,0.08110311558846933
1849,817,2.6196621689137984
1849,1848,0.07253732604963951
1850,1208,0.00799655442845084
1850,1788,0.7480114523210388
1851,876,0.006503169402830921
1851,1208,1.0551930657644868
1852,1854,0.15399703922763128
1852,1308,0.008002938436732023
1853,1308,0.15370043280123385
1853,1854,0.007979754964253303
1853,1886,0.07043545034368397
1854,1923,0.12214241846984722
1854,1853,0.007979754964253303
1855,1656,0.010140665763583542
1855,1657,0.14104398887688033
1856,1857,0.008512798085484361
1856,1855,0.07720638149624008
1857,1856,0.008512798085484361
1857,71,0.21922448566729902
1858,1859,0.012718935770791362
1858,76,0.3086767063151489
1859,1858,0.012718935770791362
1859,65,0.027558650327743177
1860,26,0.013084178558798693
1861,80,0.05376327958840445
1861,1668,0.008383768693016857
1862,1668,0.2375821575114688
1863,404,0.03312964608683248
1864,1245,0.06625226066175108
1865,824,0.030239385912519665
1865,1265,0.10606983900487052
1865,1143,0.22541390622101565
1866,1160,0.05198282428928448
1866,1496,0.4321629466934598
1866,816,0.7963862308895855
1868,1869,0.019969937054293257
1869,89,0.009395152941121782
1869,1518,0.2799604063715265
1870,1159,0.11625140952354812
1870,1157,0.1779880991905592
1870,1871,0.16379048472100055
1871,1870,0.16379048472100055
1872,47,0.49614321614343393
1873,509,0.2066686753405481
1874,1875,0.07151548381795785
1874,1875,0.14522797907782875
1874,1437,0.16583042277675247
1875,1876,0.037144327932055896
1875,1874,0.07151548381795785
1875,1874,0.14522797907782875
1876,1877,0.02276047117265809
1876,1875,0.037144327932055896
1876,1437,0.11546851430314066
1877,1876,0.02276047117265809
1878,285,0.05955785183214626
1879,1880,0.07920390228628883
1879,262,0.04025955212042147
1879,1881,0.042880409607721874
1880,1879,0.07920390228628883
1881,1879,0.042880409607721874
1881,192,0.07289606923729361
1881,1524,0.26517583873855244
1882,533,0.20447213915252593
1882,532,0.2737692454861018
1882,1883,0.1594470023569571
1883,1882,0.1594470023569571
1884,777,0.036777049307907726
1884,777,0.2265939670367441
1884,1748,0.06247795565831942
1885,680,0.015180992266588098
1885,669,0.04393013547494038
1885,688,0.12710935189125083
1886,1887,0.02497450198305291
1886,1853,0.07043545034368397
1886,1888,0.057284523287757336
1887,1886,0.02497450198305291
1888,1306,0.06223449929496308
1888,1307,0.20297849473780605
1888,1886,0.057284523287757336
1889,1348,0.0917292486730322
1889,1356,0.24644261226453892
1889,1890,0.053900737109240524
1890,1889,0.053900737109240524
1891,1686,0.06061206232159136
1891,1897,0.03971243463550007
1891,1702,0.1878691085156572
1892,1893,0.01641099963953178
1893,1892,0.01641099963953178
1893,1895,0.0331694051916041
1893,1894,0.0857604712495206
1894,1893,0.0857604712495206
1895,1893,0.0331694051916041
1895,1897,0.024963775665732033
1895,1896,0.07570161299906072
1896,1895,0.07570161299906072
1897,1895,0.024963775665732033
1897,1891,0.03971243463550007
1897,1898,0.06102020639759004
1898,1897,0.06102020639759004
1899,1761,0.2622304613020838
1899,1729,0.27654058707389984
1899,1699,0.5145469419028673
1900,805,0.061479469929268005
1900,1904,0.038947175759298076
1900,1903,0.1058094986792366
1901,805,0.06210805137415834
1901,1902,0.05391418580329086
1901,1908,0.11771938367360539
1902,1901,0.05391418580329086
1903,1910,0.06173235684489639
1903,1900,0.10580949867923659
1903,1904,0.1697726527433278
1904,1900,0.038947175759298076
1904,1276,0.1214197053902447
1904,1903,0.16977265274332784
1905,804,0.06399916085918941
1905,1911,0.05905757431573148
1905,1906,0.17928043684499778
1906,1905,0.17928043684499778
1907,1918,0.02051998554307361
1908,1915,0.03437161840087413
1908,1911,0.07716356696542831
1908,1901,0.11771938367360539
1909,1910,0.03289008907095883
1910,1912,0.07720069086306008
1910,1909,0.03289008907095883
1910,1915,0.030675961679962612
1910,1903,0.06173235684489639
1911,1905,0.05905757431573148
1911,1914,0.035703202080646174
1911,1908,0.07716356696542831
1912,1917,0.05155715501881712
1912,1910,0.07720069086306008
1912,1914,0.0333526495680475
1913,1915,0.027021207683024604
1914,1912,0.0333526495680475
1914,1911,0.035703202080646174
1914,1915,0.07718864143977847
1915,1910,0.030675961679962612
1915,1908,0.03437161840087413
1915,1914,0.07718864143977847
1915,1913,0.027021207683024604
1916,1282,0.03699115471586494
1916,1917,0.05423132422709354
1916,1281,0.10451993510290124
1917,1918,0.07933809889459606
1917,1912,0.05155715501881712
1917,1916,0.05423132422709354
1918,1907,0.02051998554307361
1918,1917,0.07933809889459606
1918,804,0.07826102602417871
1919,1920,0.14144095414401406
1919,862,0.16299771415176087
1919,1769,0.17081355130531736
1920,1769,0.089156548582628
1920,861,0.06105868865435698
1920,1919,0.14144095414401406
1921,1119,0.2325635732994027
1922,1306,0.0678605354928877
1922,1923,0.007872781371065885
1923,70,0.33248271300725546
1923,1922,0.007872781371065885
1923,1924,0.32660974406086946
1924,1923,0.3266097440608695
1924,1119,0.261806201643807
1924,1926,0.16715850861175924
1925,1926,0.08208897983353054
1926,1927,0.038626503881827166
1926,1925,0.08208897983353054
1926,1924,0.16715850861175924
1927,1926,0.038626503881827166
1928,1291,0.13154984183761587
1930,1291,0.30416971740405835
